{
  "project_info": {
    "project_number": "302879621385",
    "project_id": "mindmatch-f94e8",
    "storage_bucket": "mindmatch-f94e8.firebasestorage.app"
  },
  "client": [
    {
      "client_info": {
        "mobilesdk_app_id": "1:302879621385:android:e19d04d9334633222b13d8",
        "android_client_info": {
          "package_name": "com.example.project2"
        }
      },
      "oauth_client": [],
      "api_key": [
        {
          "current_key": "AIzaSyBF29vWfIo9iIa00Q8iTWO98KZfSMvjsuY"
        }
      ],
      "services": {
        "appinvite_service": {
          "other_platform_oauth_client": []
        }
      }
    }
  ],
  "configuration_version": "1"
}