[{"name":"Active","description":"com.example.project2.data.PuzzleCellState.Active","location":"app/com.example.project2.data/-puzzle-cell-state/-active/index.html","searchKeys":["Active","Active","com.example.project2.data.PuzzleCellState.Active"]},{"name":"Correct","description":"com.example.project2.data.PuzzleCellState.Correct","location":"app/com.example.project2.data/-puzzle-cell-state/-correct/index.html","searchKeys":["Correct","Correct","com.example.project2.data.PuzzleCellState.Correct"]},{"name":"Create","description":"com.example.project2.ui.MindMatchDestination.Create","location":"app/com.example.project2.ui/-mind-match-destination/-create/index.html","searchKeys":["Create","Create","com.example.project2.ui.MindMatchDestination.Create"]},{"name":"Daily","description":"com.example.project2.ui.MindMatchDestination.Daily","location":"app/com.example.project2.ui/-mind-match-destination/-daily/index.html","searchKeys":["Daily","Daily","com.example.project2.ui.MindMatchDestination.Daily"]},{"name":"Dashboard","description":"com.example.project2.ui.MindMatchDestination.Dashboard","location":"app/com.example.project2.ui/-mind-match-destination/-dashboard/index.html","searchKeys":["Dashboard","Dashboard","com.example.project2.ui.MindMatchDestination.Dashboard"]},{"name":"Disabled","description":"com.example.project2.data.PuzzleCellState.Disabled","location":"app/com.example.project2.data/-puzzle-cell-state/-disabled/index.html","searchKeys":["Disabled","Disabled","com.example.project2.data.PuzzleCellState.Disabled"]},{"name":"EASY","description":"com.example.project2.data.Difficulty.EASY","location":"app/com.example.project2.data/-difficulty/-e-a-s-y/index.html","searchKeys":["EASY","EASY","com.example.project2.data.Difficulty.EASY"]},{"name":"EXPERT","description":"com.example.project2.data.Difficulty.EXPERT","location":"app/com.example.project2.data/-difficulty/-e-x-p-e-r-t/index.html","searchKeys":["EXPERT","EXPERT","com.example.project2.data.Difficulty.EXPERT"]},{"name":"FOCUS_TAPPER","description":"com.example.project2.data.PuzzleType.FOCUS_TAPPER","location":"app/com.example.project2.data/-puzzle-type/-f-o-c-u-s_-t-a-p-p-e-r/index.html","searchKeys":["FOCUS_TAPPER","FOCUS_TAPPER","com.example.project2.data.PuzzleType.FOCUS_TAPPER"]},{"name":"HARD","description":"com.example.project2.data.Difficulty.HARD","location":"app/com.example.project2.data/-difficulty/-h-a-r-d/index.html","searchKeys":["HARD","HARD","com.example.project2.data.Difficulty.HARD"]},{"name":"Incorrect","description":"com.example.project2.data.PuzzleCellState.Incorrect","location":"app/com.example.project2.data/-puzzle-cell-state/-incorrect/index.html","searchKeys":["Incorrect","Incorrect","com.example.project2.data.PuzzleCellState.Incorrect"]},{"name":"JIGSAW","description":"com.example.project2.data.PuzzleType.JIGSAW","location":"app/com.example.project2.data/-puzzle-type/-j-i-g-s-a-w/index.html","searchKeys":["JIGSAW","JIGSAW","com.example.project2.data.PuzzleType.JIGSAW"]},{"name":"LOGIC_GRID","description":"com.example.project2.data.PuzzleType.LOGIC_GRID","location":"app/com.example.project2.data/-puzzle-type/-l-o-g-i-c_-g-r-i-d/index.html","searchKeys":["LOGIC_GRID","LOGIC_GRID","com.example.project2.data.PuzzleType.LOGIC_GRID"]},{"name":"Leaderboard","description":"com.example.project2.ui.MindMatchDestination.Leaderboard","location":"app/com.example.project2.ui/-mind-match-destination/-leaderboard/index.html","searchKeys":["Leaderboard","Leaderboard","com.example.project2.ui.MindMatchDestination.Leaderboard"]},{"name":"MASTERMIND","description":"com.example.project2.data.PuzzleType.MASTERMIND","location":"app/com.example.project2.data/-puzzle-type/-m-a-s-t-e-r-m-i-n-d/index.html","searchKeys":["MASTERMIND","MASTERMIND","com.example.project2.data.PuzzleType.MASTERMIND"]},{"name":"MEDIUM","description":"com.example.project2.data.Difficulty.MEDIUM","location":"app/com.example.project2.data/-difficulty/-m-e-d-i-u-m/index.html","searchKeys":["MEDIUM","MEDIUM","com.example.project2.data.Difficulty.MEDIUM"]},{"name":"Neutral","description":"com.example.project2.data.PuzzleCellState.Neutral","location":"app/com.example.project2.data/-puzzle-cell-state/-neutral/index.html","searchKeys":["Neutral","Neutral","com.example.project2.data.PuzzleCellState.Neutral"]},{"name":"PATTERN_MEMORY","description":"com.example.project2.data.PuzzleType.PATTERN_MEMORY","location":"app/com.example.project2.data/-puzzle-type/-p-a-t-t-e-r-n_-m-e-m-o-r-y/index.html","searchKeys":["PATTERN_MEMORY","PATTERN_MEMORY","com.example.project2.data.PuzzleType.PATTERN_MEMORY"]},{"name":"Profile","description":"com.example.project2.ui.MindMatchDestination.Profile","location":"app/com.example.project2.ui/-mind-match-destination/-profile/index.html","searchKeys":["Profile","Profile","com.example.project2.ui.MindMatchDestination.Profile"]},{"name":"Puzzles","description":"com.example.project2.ui.MindMatchDestination.Puzzles","location":"app/com.example.project2.ui/-mind-match-destination/-puzzles/index.html","searchKeys":["Puzzles","Puzzles","com.example.project2.ui.MindMatchDestination.Puzzles"]},{"name":"SEQUENCE_RECALL","description":"com.example.project2.data.PuzzleType.SEQUENCE_RECALL","location":"app/com.example.project2.data/-puzzle-type/-s-e-q-u-e-n-c-e_-r-e-c-a-l-l/index.html","searchKeys":["SEQUENCE_RECALL","SEQUENCE_RECALL","com.example.project2.data.PuzzleType.SEQUENCE_RECALL"]},{"name":"SPEED_MATCH","description":"com.example.project2.data.PuzzleType.SPEED_MATCH","location":"app/com.example.project2.data/-puzzle-type/-s-p-e-e-d_-m-a-t-c-h/index.html","searchKeys":["SPEED_MATCH","SPEED_MATCH","com.example.project2.data.PuzzleType.SPEED_MATCH"]},{"name":"abstract val activeProfile: PlayerProfile","description":"com.example.project2.data.MindMatchRepository.activeProfile","location":"app/com.example.project2.data/-mind-match-repository/active-profile.html","searchKeys":["activeProfile","abstract val activeProfile: PlayerProfile","com.example.project2.data.MindMatchRepository.activeProfile"]},{"name":"abstract val dailyChallenge: DailyChallenge","description":"com.example.project2.data.MindMatchRepository.dailyChallenge","location":"app/com.example.project2.data/-mind-match-repository/daily-challenge.html","searchKeys":["dailyChallenge","abstract val dailyChallenge: DailyChallenge","com.example.project2.data.MindMatchRepository.dailyChallenge"]},{"name":"abstract val leaderboard: Map<String, List<LeaderboardEntry>>","description":"com.example.project2.data.MindMatchRepository.leaderboard","location":"app/com.example.project2.data/-mind-match-repository/leaderboard.html","searchKeys":["leaderboard","abstract val leaderboard: Map<String, List<LeaderboardEntry>>","com.example.project2.data.MindMatchRepository.leaderboard"]},{"name":"abstract val progressByPuzzle: Map<String, PuzzleProgress>","description":"com.example.project2.data.MindMatchRepository.progressByPuzzle","location":"app/com.example.project2.data/-mind-match-repository/progress-by-puzzle.html","searchKeys":["progressByPuzzle","abstract val progressByPuzzle: Map<String, PuzzleProgress>","com.example.project2.data.MindMatchRepository.progressByPuzzle"]},{"name":"abstract val puzzles: List<PuzzleDescriptor>","description":"com.example.project2.data.MindMatchRepository.puzzles","location":"app/com.example.project2.data/-mind-match-repository/puzzles.html","searchKeys":["puzzles","abstract val puzzles: List<PuzzleDescriptor>","com.example.project2.data.MindMatchRepository.puzzles"]},{"name":"class AuthRepository","description":"com.example.project2.data.AuthRepository","location":"app/com.example.project2.data/-auth-repository/index.html","searchKeys":["AuthRepository","class AuthRepository","com.example.project2.data.AuthRepository"]},{"name":"class DailyChallengeGeneratorRepository(firestore: FirebaseFirestore = FirebaseFirestore.getInstance(), auth: FirebaseAuth = FirebaseAuth.getInstance(), httpClient: OkHttpClient = OkHttpClient.Builder()\n        .callTimeout(90, TimeUnit.SECONDS)\n        .connectTimeout(30, TimeUnit.SECONDS)\n        .readTimeout(60, TimeUnit.SECONDS)\n        .build())","description":"com.example.project2.data.DailyChallengeGeneratorRepository","location":"app/com.example.project2.data/-daily-challenge-generator-repository/index.html","searchKeys":["DailyChallengeGeneratorRepository","class DailyChallengeGeneratorRepository(firestore: FirebaseFirestore = FirebaseFirestore.getInstance(), auth: FirebaseAuth = FirebaseAuth.getInstance(), httpClient: OkHttpClient = OkHttpClient.Builder()\n        .callTimeout(90, TimeUnit.SECONDS)\n        .connectTimeout(30, TimeUnit.SECONDS)\n        .readTimeout(60, TimeUnit.SECONDS)\n        .build())","com.example.project2.data.DailyChallengeGeneratorRepository"]},{"name":"class FakeMindMatchRepository : MindMatchRepository","description":"com.example.project2.data.FakeMindMatchRepository","location":"app/com.example.project2.data/-fake-mind-match-repository/index.html","searchKeys":["FakeMindMatchRepository","class FakeMindMatchRepository : MindMatchRepository","com.example.project2.data.FakeMindMatchRepository"]},{"name":"class FirebaseMindMatchRepository : MindMatchRepository","description":"com.example.project2.data.FirebaseMindMatchRepository","location":"app/com.example.project2.data/-firebase-mind-match-repository/index.html","searchKeys":["FirebaseMindMatchRepository","class FirebaseMindMatchRepository : MindMatchRepository","com.example.project2.data.FirebaseMindMatchRepository"]},{"name":"class MainActivity : ComponentActivity","description":"com.example.project2.MainActivity","location":"app/com.example.project2/-main-activity/index.html","searchKeys":["MainActivity","class MainActivity : ComponentActivity","com.example.project2.MainActivity"]},{"name":"class MindMatchViewModel(authRepo: AuthRepository = AuthRepository(), repository: FirebaseMindMatchRepository = FirebaseMindMatchRepository()) : ViewModel","description":"com.example.project2.ui.MindMatchViewModel","location":"app/com.example.project2.ui/-mind-match-view-model/index.html","searchKeys":["MindMatchViewModel","class MindMatchViewModel(authRepo: AuthRepository = AuthRepository(), repository: FirebaseMindMatchRepository = FirebaseMindMatchRepository()) : ViewModel","com.example.project2.ui.MindMatchViewModel"]},{"name":"constructor()","description":"com.example.project2.MainActivity.MainActivity","location":"app/com.example.project2/-main-activity/-main-activity.html","searchKeys":["MainActivity","constructor()","com.example.project2.MainActivity.MainActivity"]},{"name":"constructor()","description":"com.example.project2.data.AuthRepository.AuthRepository","location":"app/com.example.project2.data/-auth-repository/-auth-repository.html","searchKeys":["AuthRepository","constructor()","com.example.project2.data.AuthRepository.AuthRepository"]},{"name":"constructor()","description":"com.example.project2.data.FakeMindMatchRepository.FakeMindMatchRepository","location":"app/com.example.project2.data/-fake-mind-match-repository/-fake-mind-match-repository.html","searchKeys":["FakeMindMatchRepository","constructor()","com.example.project2.data.FakeMindMatchRepository.FakeMindMatchRepository"]},{"name":"constructor()","description":"com.example.project2.data.FirebaseMindMatchRepository.FirebaseMindMatchRepository","location":"app/com.example.project2.data/-firebase-mind-match-repository/-firebase-mind-match-repository.html","searchKeys":["FirebaseMindMatchRepository","constructor()","com.example.project2.data.FirebaseMindMatchRepository.FirebaseMindMatchRepository"]},{"name":"constructor(authRepo: AuthRepository = AuthRepository(), repository: FirebaseMindMatchRepository = FirebaseMindMatchRepository())","description":"com.example.project2.ui.MindMatchViewModel.MindMatchViewModel","location":"app/com.example.project2.ui/-mind-match-view-model/-mind-match-view-model.html","searchKeys":["MindMatchViewModel","constructor(authRepo: AuthRepository = AuthRepository(), repository: FirebaseMindMatchRepository = FirebaseMindMatchRepository())","com.example.project2.ui.MindMatchViewModel.MindMatchViewModel"]},{"name":"constructor(colors: List<String>, slots: Int, guesses: Int, levels: Int, code: List<String>)","description":"com.example.project2.data.MastermindConfig.MastermindConfig","location":"app/com.example.project2.data/-mastermind-config/-mastermind-config.html","searchKeys":["MastermindConfig","constructor(colors: List<String>, slots: Int, guesses: Int, levels: Int, code: List<String>)","com.example.project2.data.MastermindConfig.MastermindConfig"]},{"name":"constructor(documentId: String, rawJson: String)","description":"com.example.project2.data.DailyChallengeGenerationResult.DailyChallengeGenerationResult","location":"app/com.example.project2.data/-daily-challenge-generation-result/-daily-challenge-generation-result.html","searchKeys":["DailyChallengeGenerationResult","constructor(documentId: String, rawJson: String)","com.example.project2.data.DailyChallengeGenerationResult.DailyChallengeGenerationResult"]},{"name":"constructor(exact: Int, colorOnly: Int)","description":"com.example.project2.ui.screens.MastermindFeedback.MastermindFeedback","location":"app/com.example.project2.ui.screens/-mastermind-feedback/-mastermind-feedback.html","searchKeys":["MastermindFeedback","constructor(exact: Int, colorOnly: Int)","com.example.project2.ui.screens.MastermindFeedback.MastermindFeedback"]},{"name":"constructor(firestore: FirebaseFirestore = FirebaseFirestore.getInstance(), auth: FirebaseAuth = FirebaseAuth.getInstance(), httpClient: OkHttpClient = OkHttpClient.Builder()\n        .callTimeout(90, TimeUnit.SECONDS)\n        .connectTimeout(30, TimeUnit.SECONDS)\n        .readTimeout(60, TimeUnit.SECONDS)\n        .build())","description":"com.example.project2.data.DailyChallengeGeneratorRepository.DailyChallengeGeneratorRepository","location":"app/com.example.project2.data/-daily-challenge-generator-repository/-daily-challenge-generator-repository.html","searchKeys":["DailyChallengeGeneratorRepository","constructor(firestore: FirebaseFirestore = FirebaseFirestore.getInstance(), auth: FirebaseAuth = FirebaseAuth.getInstance(), httpClient: OkHttpClient = OkHttpClient.Builder()\n        .callTimeout(90, TimeUnit.SECONDS)\n        .connectTimeout(30, TimeUnit.SECONDS)\n        .readTimeout(60, TimeUnit.SECONDS)\n        .build())","com.example.project2.data.DailyChallengeGeneratorRepository.DailyChallengeGeneratorRepository"]},{"name":"constructor(id: String = \"\", title: String = \"\", description: String = \"\", type: String = \"\", creatorId: String = \"\", difficulty: String = \"\", estimatedDurationSeconds: Long = 120, isUserCreated: Boolean = false, lastPlayed: Timestamp? = null, mastermindColors: List<String>? = null, mastermindSlots: Int? = null, mastermindGuesses: Int? = null, mastermindLevels: Int? = null, mastermindCode: List<String>? = null)","description":"com.example.project2.data.FirebasePuzzle.FirebasePuzzle","location":"app/com.example.project2.data/-firebase-puzzle/-firebase-puzzle.html","searchKeys":["FirebasePuzzle","constructor(id: String = \"\", title: String = \"\", description: String = \"\", type: String = \"\", creatorId: String = \"\", difficulty: String = \"\", estimatedDurationSeconds: Long = 120, isUserCreated: Boolean = false, lastPlayed: Timestamp? = null, mastermindColors: List<String>? = null, mastermindSlots: Int? = null, mastermindGuesses: Int? = null, mastermindLevels: Int? = null, mastermindCode: List<String>? = null)","com.example.project2.data.FirebasePuzzle.FirebasePuzzle"]},{"name":"constructor(id: String = UUID.randomUUID().toString(), displayName: String = \"Player\", avatarUrl: String? = null, bio: String = \"\", preferredDifficulty: Difficulty = Difficulty.MEDIUM, createdAt: Timestamp = Timestamp.now(), puzzlesPlayed: Map<String, Timestamp> = emptyMap())","description":"com.example.project2.data.PlayerProfile.PlayerProfile","location":"app/com.example.project2.data/-player-profile/-player-profile.html","searchKeys":["PlayerProfile","constructor(id: String = UUID.randomUUID().toString(), displayName: String = \"Player\", avatarUrl: String? = null, bio: String = \"\", preferredDifficulty: Difficulty = Difficulty.MEDIUM, createdAt: Timestamp = Timestamp.now(), puzzlesPlayed: Map<String, Timestamp> = emptyMap())","com.example.project2.data.PlayerProfile.PlayerProfile"]},{"name":"constructor(id: String = UUID.randomUUID().toString(), title: String, description: String, type: PuzzleType, gridSize: Int? = null, creatorId: String, difficulty: Difficulty, estimatedDuration: Duration = Duration.ofMinutes(2), isUserCreated: Boolean = false, imageName: String? = null, imageUrl: String? = null, localImageResId: Int? = null, lastPlayed: Instant? = null, mastermindConfig: MastermindConfig? = null)","description":"com.example.project2.data.PuzzleDescriptor.PuzzleDescriptor","location":"app/com.example.project2.data/-puzzle-descriptor/-puzzle-descriptor.html","searchKeys":["PuzzleDescriptor","constructor(id: String = UUID.randomUUID().toString(), title: String, description: String, type: PuzzleType, gridSize: Int? = null, creatorId: String, difficulty: Difficulty, estimatedDuration: Duration = Duration.ofMinutes(2), isUserCreated: Boolean = false, imageName: String? = null, imageUrl: String? = null, localImageResId: Int? = null, lastPlayed: Instant? = null, mastermindConfig: MastermindConfig? = null)","com.example.project2.data.PuzzleDescriptor.PuzzleDescriptor"]},{"name":"constructor(id: String, label: String, isPrimary: Boolean = false)","description":"com.example.project2.data.PuzzleControl.PuzzleControl","location":"app/com.example.project2.data/-puzzle-control/-puzzle-control.html","searchKeys":["PuzzleControl","constructor(id: String, label: String, isPrimary: Boolean = false)","com.example.project2.data.PuzzleControl.PuzzleControl"]},{"name":"constructor(instructions: String, grid: List<List<PuzzleCell>>, controls: List<PuzzleControl>, stats: PuzzleStats)","description":"com.example.project2.data.DailyPuzzleContent.DailyPuzzleContent","location":"app/com.example.project2.data/-daily-puzzle-content/-daily-puzzle-content.html","searchKeys":["DailyPuzzleContent","constructor(instructions: String, grid: List<List<PuzzleCell>>, controls: List<PuzzleControl>, stats: PuzzleStats)","com.example.project2.data.DailyPuzzleContent.DailyPuzzleContent"]},{"name":"constructor(puzzle: PuzzleDescriptor, expiresAt: Instant, content: DailyPuzzleContent)","description":"com.example.project2.data.DailyChallenge.DailyChallenge","location":"app/com.example.project2.data/-daily-challenge/-daily-challenge.html","searchKeys":["DailyChallenge","constructor(puzzle: PuzzleDescriptor, expiresAt: Instant, content: DailyPuzzleContent)","com.example.project2.data.DailyChallenge.DailyChallenge"]},{"name":"constructor(puzzleId: String = \"\", currentLevel: Int = 0, levelsUnlocked: Int = 0, bestScore: Int = 0, bestTimeSeconds: Long? = null, inProgressState: String? = null)","description":"com.example.project2.data.FirebasePuzzleProgress.FirebasePuzzleProgress","location":"app/com.example.project2.data/-firebase-puzzle-progress/-firebase-puzzle-progress.html","searchKeys":["FirebasePuzzleProgress","constructor(puzzleId: String = \"\", currentLevel: Int = 0, levelsUnlocked: Int = 0, bestScore: Int = 0, bestTimeSeconds: Long? = null, inProgressState: String? = null)","com.example.project2.data.FirebasePuzzleProgress.FirebasePuzzleProgress"]},{"name":"constructor(puzzleId: String = \"\", playerName: String = \"\", score: Int = 0, recordedAt: Timestamp = Timestamp.now())","description":"com.example.project2.data.FirebaseLeaderboardEntry.FirebaseLeaderboardEntry","location":"app/com.example.project2.data/-firebase-leaderboard-entry/-firebase-leaderboard-entry.html","searchKeys":["FirebaseLeaderboardEntry","constructor(puzzleId: String = \"\", playerName: String = \"\", score: Int = 0, recordedAt: Timestamp = Timestamp.now())","com.example.project2.data.FirebaseLeaderboardEntry.FirebaseLeaderboardEntry"]},{"name":"constructor(puzzleId: String, currentLevel: Int, levelsUnlocked: Int, bestScore: Int, bestTime: Duration?, inProgressState: String? = null)","description":"com.example.project2.data.PuzzleProgress.PuzzleProgress","location":"app/com.example.project2.data/-puzzle-progress/-puzzle-progress.html","searchKeys":["PuzzleProgress","constructor(puzzleId: String, currentLevel: Int, levelsUnlocked: Int, bestScore: Int, bestTime: Duration?, inProgressState: String? = null)","com.example.project2.data.PuzzleProgress.PuzzleProgress"]},{"name":"constructor(puzzleId: String, playerName: String, score: Int, recordedAt: Instant)","description":"com.example.project2.data.LeaderboardEntry.LeaderboardEntry","location":"app/com.example.project2.data/-leaderboard-entry/-leaderboard-entry.html","searchKeys":["LeaderboardEntry","constructor(puzzleId: String, playerName: String, score: Int, recordedAt: Instant)","com.example.project2.data.LeaderboardEntry.LeaderboardEntry"]},{"name":"constructor(target: Int, streak: Int, timeRemainingSeconds: Int)","description":"com.example.project2.data.PuzzleStats.PuzzleStats","location":"app/com.example.project2.data/-puzzle-stats/-puzzle-stats.html","searchKeys":["PuzzleStats","constructor(target: Int, streak: Int, timeRemainingSeconds: Int)","com.example.project2.data.PuzzleStats.PuzzleStats"]},{"name":"constructor(value: String, state: PuzzleCellState = PuzzleCellState.Neutral)","description":"com.example.project2.data.PuzzleCell.PuzzleCell","location":"app/com.example.project2.data/-puzzle-cell/-puzzle-cell.html","searchKeys":["PuzzleCell","constructor(value: String, state: PuzzleCellState = PuzzleCellState.Neutral)","com.example.project2.data.PuzzleCell.PuzzleCell"]},{"name":"constructor(values: List<String>, feedback: MastermindFeedback)","description":"com.example.project2.ui.screens.MastermindGuess.MastermindGuess","location":"app/com.example.project2.ui.screens/-mastermind-guess/-mastermind-guess.html","searchKeys":["MastermindGuess","constructor(values: List<String>, feedback: MastermindFeedback)","com.example.project2.ui.screens.MastermindGuess.MastermindGuess"]},{"name":"data class DailyChallenge(val puzzle: PuzzleDescriptor, val expiresAt: Instant, val content: DailyPuzzleContent)","description":"com.example.project2.data.DailyChallenge","location":"app/com.example.project2.data/-daily-challenge/index.html","searchKeys":["DailyChallenge","data class DailyChallenge(val puzzle: PuzzleDescriptor, val expiresAt: Instant, val content: DailyPuzzleContent)","com.example.project2.data.DailyChallenge"]},{"name":"data class DailyChallengeGenerationResult(val documentId: String, val rawJson: String)","description":"com.example.project2.data.DailyChallengeGenerationResult","location":"app/com.example.project2.data/-daily-challenge-generation-result/index.html","searchKeys":["DailyChallengeGenerationResult","data class DailyChallengeGenerationResult(val documentId: String, val rawJson: String)","com.example.project2.data.DailyChallengeGenerationResult"]},{"name":"data class DailyPuzzleContent(val instructions: String, val grid: List<List<PuzzleCell>>, val controls: List<PuzzleControl>, val stats: PuzzleStats)","description":"com.example.project2.data.DailyPuzzleContent","location":"app/com.example.project2.data/-daily-puzzle-content/index.html","searchKeys":["DailyPuzzleContent","data class DailyPuzzleContent(val instructions: String, val grid: List<List<PuzzleCell>>, val controls: List<PuzzleControl>, val stats: PuzzleStats)","com.example.project2.data.DailyPuzzleContent"]},{"name":"data class FirebaseLeaderboardEntry(val puzzleId: String = \"\", val playerName: String = \"\", val score: Int = 0, val recordedAt: Timestamp = Timestamp.now())","description":"com.example.project2.data.FirebaseLeaderboardEntry","location":"app/com.example.project2.data/-firebase-leaderboard-entry/index.html","searchKeys":["FirebaseLeaderboardEntry","data class FirebaseLeaderboardEntry(val puzzleId: String = \"\", val playerName: String = \"\", val score: Int = 0, val recordedAt: Timestamp = Timestamp.now())","com.example.project2.data.FirebaseLeaderboardEntry"]},{"name":"data class FirebasePuzzle(val id: String = \"\", val title: String = \"\", val description: String = \"\", val type: String = \"\", val creatorId: String = \"\", val difficulty: String = \"\", val estimatedDurationSeconds: Long = 120, val isUserCreated: Boolean = false, val lastPlayed: Timestamp? = null, val mastermindColors: List<String>? = null, val mastermindSlots: Int? = null, val mastermindGuesses: Int? = null, val mastermindLevels: Int? = null, val mastermindCode: List<String>? = null)","description":"com.example.project2.data.FirebasePuzzle","location":"app/com.example.project2.data/-firebase-puzzle/index.html","searchKeys":["FirebasePuzzle","data class FirebasePuzzle(val id: String = \"\", val title: String = \"\", val description: String = \"\", val type: String = \"\", val creatorId: String = \"\", val difficulty: String = \"\", val estimatedDurationSeconds: Long = 120, val isUserCreated: Boolean = false, val lastPlayed: Timestamp? = null, val mastermindColors: List<String>? = null, val mastermindSlots: Int? = null, val mastermindGuesses: Int? = null, val mastermindLevels: Int? = null, val mastermindCode: List<String>? = null)","com.example.project2.data.FirebasePuzzle"]},{"name":"data class FirebasePuzzleProgress(val puzzleId: String = \"\", val currentLevel: Int = 0, val levelsUnlocked: Int = 0, val bestScore: Int = 0, val bestTimeSeconds: Long? = null, val inProgressState: String? = null)","description":"com.example.project2.data.FirebasePuzzleProgress","location":"app/com.example.project2.data/-firebase-puzzle-progress/index.html","searchKeys":["FirebasePuzzleProgress","data class FirebasePuzzleProgress(val puzzleId: String = \"\", val currentLevel: Int = 0, val levelsUnlocked: Int = 0, val bestScore: Int = 0, val bestTimeSeconds: Long? = null, val inProgressState: String? = null)","com.example.project2.data.FirebasePuzzleProgress"]},{"name":"data class LeaderboardEntry(val puzzleId: String, val playerName: String, val score: Int, val recordedAt: Instant)","description":"com.example.project2.data.LeaderboardEntry","location":"app/com.example.project2.data/-leaderboard-entry/index.html","searchKeys":["LeaderboardEntry","data class LeaderboardEntry(val puzzleId: String, val playerName: String, val score: Int, val recordedAt: Instant)","com.example.project2.data.LeaderboardEntry"]},{"name":"data class MastermindConfig(val colors: List<String>, val slots: Int, val guesses: Int, val levels: Int, val code: List<String>)","description":"com.example.project2.data.MastermindConfig","location":"app/com.example.project2.data/-mastermind-config/index.html","searchKeys":["MastermindConfig","data class MastermindConfig(val colors: List<String>, val slots: Int, val guesses: Int, val levels: Int, val code: List<String>)","com.example.project2.data.MastermindConfig"]},{"name":"data class MastermindFeedback(val exact: Int, val colorOnly: Int)","description":"com.example.project2.ui.screens.MastermindFeedback","location":"app/com.example.project2.ui.screens/-mastermind-feedback/index.html","searchKeys":["MastermindFeedback","data class MastermindFeedback(val exact: Int, val colorOnly: Int)","com.example.project2.ui.screens.MastermindFeedback"]},{"name":"data class MastermindGuess(val values: List<String>, val feedback: MastermindFeedback)","description":"com.example.project2.ui.screens.MastermindGuess","location":"app/com.example.project2.ui.screens/-mastermind-guess/index.html","searchKeys":["MastermindGuess","data class MastermindGuess(val values: List<String>, val feedback: MastermindFeedback)","com.example.project2.ui.screens.MastermindGuess"]},{"name":"data class PlayerProfile(val id: String = UUID.randomUUID().toString(), val displayName: String = \"Player\", val avatarUrl: String? = null, val bio: String = \"\", val preferredDifficulty: Difficulty = Difficulty.MEDIUM, val createdAt: Timestamp = Timestamp.now(), val puzzlesPlayed: Map<String, Timestamp> = emptyMap())","description":"com.example.project2.data.PlayerProfile","location":"app/com.example.project2.data/-player-profile/index.html","searchKeys":["PlayerProfile","data class PlayerProfile(val id: String = UUID.randomUUID().toString(), val displayName: String = \"Player\", val avatarUrl: String? = null, val bio: String = \"\", val preferredDifficulty: Difficulty = Difficulty.MEDIUM, val createdAt: Timestamp = Timestamp.now(), val puzzlesPlayed: Map<String, Timestamp> = emptyMap())","com.example.project2.data.PlayerProfile"]},{"name":"data class PuzzleCell(val value: String, val state: PuzzleCellState = PuzzleCellState.Neutral)","description":"com.example.project2.data.PuzzleCell","location":"app/com.example.project2.data/-puzzle-cell/index.html","searchKeys":["PuzzleCell","data class PuzzleCell(val value: String, val state: PuzzleCellState = PuzzleCellState.Neutral)","com.example.project2.data.PuzzleCell"]},{"name":"data class PuzzleControl(val id: String, val label: String, val isPrimary: Boolean = false)","description":"com.example.project2.data.PuzzleControl","location":"app/com.example.project2.data/-puzzle-control/index.html","searchKeys":["PuzzleControl","data class PuzzleControl(val id: String, val label: String, val isPrimary: Boolean = false)","com.example.project2.data.PuzzleControl"]},{"name":"data class PuzzleDescriptor(val id: String = UUID.randomUUID().toString(), val title: String, val description: String, val type: PuzzleType, val gridSize: Int? = null, val creatorId: String, val difficulty: Difficulty, val estimatedDuration: Duration = Duration.ofMinutes(2), val isUserCreated: Boolean = false, val imageName: String? = null, val imageUrl: String? = null, val localImageResId: Int? = null, val lastPlayed: Instant? = null, val mastermindConfig: MastermindConfig? = null)","description":"com.example.project2.data.PuzzleDescriptor","location":"app/com.example.project2.data/-puzzle-descriptor/index.html","searchKeys":["PuzzleDescriptor","data class PuzzleDescriptor(val id: String = UUID.randomUUID().toString(), val title: String, val description: String, val type: PuzzleType, val gridSize: Int? = null, val creatorId: String, val difficulty: Difficulty, val estimatedDuration: Duration = Duration.ofMinutes(2), val isUserCreated: Boolean = false, val imageName: String? = null, val imageUrl: String? = null, val localImageResId: Int? = null, val lastPlayed: Instant? = null, val mastermindConfig: MastermindConfig? = null)","com.example.project2.data.PuzzleDescriptor"]},{"name":"data class PuzzleProgress(val puzzleId: String, val currentLevel: Int, val levelsUnlocked: Int, val bestScore: Int, val bestTime: Duration?, val inProgressState: String? = null)","description":"com.example.project2.data.PuzzleProgress","location":"app/com.example.project2.data/-puzzle-progress/index.html","searchKeys":["PuzzleProgress","data class PuzzleProgress(val puzzleId: String, val currentLevel: Int, val levelsUnlocked: Int, val bestScore: Int, val bestTime: Duration?, val inProgressState: String? = null)","com.example.project2.data.PuzzleProgress"]},{"name":"data class PuzzleStats(val target: Int, val streak: Int, val timeRemainingSeconds: Int)","description":"com.example.project2.data.PuzzleStats","location":"app/com.example.project2.data/-puzzle-stats/index.html","searchKeys":["PuzzleStats","data class PuzzleStats(val target: Int, val streak: Int, val timeRemainingSeconds: Int)","com.example.project2.data.PuzzleStats"]},{"name":"enum Difficulty : Enum<Difficulty> ","description":"com.example.project2.data.Difficulty","location":"app/com.example.project2.data/-difficulty/index.html","searchKeys":["Difficulty","enum Difficulty : Enum<Difficulty> ","com.example.project2.data.Difficulty"]},{"name":"enum MindMatchDestination : Enum<MindMatchDestination> ","description":"com.example.project2.ui.MindMatchDestination","location":"app/com.example.project2.ui/-mind-match-destination/index.html","searchKeys":["MindMatchDestination","enum MindMatchDestination : Enum<MindMatchDestination> ","com.example.project2.ui.MindMatchDestination"]},{"name":"enum PuzzleCellState : Enum<PuzzleCellState> ","description":"com.example.project2.data.PuzzleCellState","location":"app/com.example.project2.data/-puzzle-cell-state/index.html","searchKeys":["PuzzleCellState","enum PuzzleCellState : Enum<PuzzleCellState> ","com.example.project2.data.PuzzleCellState"]},{"name":"enum PuzzleType : Enum<PuzzleType> ","description":"com.example.project2.data.PuzzleType","location":"app/com.example.project2.data/-puzzle-type/index.html","searchKeys":["PuzzleType","enum PuzzleType : Enum<PuzzleType> ","com.example.project2.data.PuzzleType"]},{"name":"fun CreateAccountScreen(modifier: Modifier = Modifier, onCreateAccount: () -> Unit = {}, onBackToLogin: () -> Unit = {})","description":"com.example.project2.ui.screens.CreateAccountScreen","location":"app/com.example.project2.ui.screens/-create-account-screen.html","searchKeys":["CreateAccountScreen","fun CreateAccountScreen(modifier: Modifier = Modifier, onCreateAccount: () -> Unit = {}, onBackToLogin: () -> Unit = {})","com.example.project2.ui.screens.CreateAccountScreen"]},{"name":"fun CreatePuzzleScreen(modifier: Modifier = Modifier, onPuzzleCreated: () -> Unit = {})","description":"com.example.project2.ui.screens.CreatePuzzleScreen","location":"app/com.example.project2.ui.screens/-create-puzzle-screen.html","searchKeys":["CreatePuzzleScreen","fun CreatePuzzleScreen(modifier: Modifier = Modifier, onPuzzleCreated: () -> Unit = {})","com.example.project2.ui.screens.CreatePuzzleScreen"]},{"name":"fun DailyChallengeGeneratorScreen(modifier: Modifier = Modifier, onGenerateDailyChallenge: (String) -> Unit = {}, onBackToLogin: () -> Unit = {})","description":"com.example.project2.ui.screens.DailyChallengeGeneratorScreen","location":"app/com.example.project2.ui.screens/-daily-challenge-generator-screen.html","searchKeys":["DailyChallengeGeneratorScreen","fun DailyChallengeGeneratorScreen(modifier: Modifier = Modifier, onGenerateDailyChallenge: (String) -> Unit = {}, onBackToLogin: () -> Unit = {})","com.example.project2.ui.screens.DailyChallengeGeneratorScreen"]},{"name":"fun DailyChallengePlayScreen(challenge: DailyChallenge?, modifier: Modifier = Modifier)","description":"com.example.project2.ui.screens.DailyChallengePlayScreen","location":"app/com.example.project2.ui.screens/-daily-challenge-play-screen.html","searchKeys":["DailyChallengePlayScreen","fun DailyChallengePlayScreen(challenge: DailyChallenge?, modifier: Modifier = Modifier)","com.example.project2.ui.screens.DailyChallengePlayScreen"]},{"name":"fun DailyChallengeScreen(challenge: DailyChallenge?, modifier: Modifier = Modifier, onStartChallenge: (DailyChallenge) -> Unit = {})","description":"com.example.project2.ui.screens.DailyChallengeScreen","location":"app/com.example.project2.ui.screens/-daily-challenge-screen.html","searchKeys":["DailyChallengeScreen","fun DailyChallengeScreen(challenge: DailyChallenge?, modifier: Modifier = Modifier, onStartChallenge: (DailyChallenge) -> Unit = {})","com.example.project2.ui.screens.DailyChallengeScreen"]},{"name":"fun DashboardScreen(profile: PlayerProfile?, puzzles: List<PuzzleDescriptor>, progress: Map<String, PuzzleProgress>, dailyChallenge: DailyChallenge?, modifier: Modifier = Modifier, onPlayPuzzle: (PuzzleDescriptor) -> Unit = {}, onViewDailyChallenge: () -> Unit = {})","description":"com.example.project2.ui.screens.DashboardScreen","location":"app/com.example.project2.ui.screens/-dashboard-screen.html","searchKeys":["DashboardScreen","fun DashboardScreen(profile: PlayerProfile?, puzzles: List<PuzzleDescriptor>, progress: Map<String, PuzzleProgress>, dailyChallenge: DailyChallenge?, modifier: Modifier = Modifier, onPlayPuzzle: (PuzzleDescriptor) -> Unit = {}, onViewDailyChallenge: () -> Unit = {})","com.example.project2.ui.screens.DashboardScreen"]},{"name":"fun DifficultySelectionScreen(onDifficultySelected: (Int) -> Unit)","description":"com.example.project2.ui.screens.DifficultySelectionScreen","location":"app/com.example.project2.ui.screens/-difficulty-selection-screen.html","searchKeys":["DifficultySelectionScreen","fun DifficultySelectionScreen(onDifficultySelected: (Int) -> Unit)","com.example.project2.ui.screens.DifficultySelectionScreen"]},{"name":"fun FirebaseLeaderboardEntry.toEntry(): LeaderboardEntry","description":"com.example.project2.data.toEntry","location":"app/com.example.project2.data/to-entry.html","searchKeys":["toEntry","fun FirebaseLeaderboardEntry.toEntry(): LeaderboardEntry","com.example.project2.data.toEntry"]},{"name":"fun FirebasePuzzle.toPuzzle(): PuzzleDescriptor","description":"com.example.project2.data.toPuzzle","location":"app/com.example.project2.data/to-puzzle.html","searchKeys":["toPuzzle","fun FirebasePuzzle.toPuzzle(): PuzzleDescriptor","com.example.project2.data.toPuzzle"]},{"name":"fun FirebasePuzzleProgress.toProgress(): PuzzleProgress","description":"com.example.project2.data.toProgress","location":"app/com.example.project2.data/to-progress.html","searchKeys":["toProgress","fun FirebasePuzzleProgress.toProgress(): PuzzleProgress","com.example.project2.data.toProgress"]},{"name":"fun Instant.formatAsDisplay(): String","description":"com.example.project2.ui.util.formatAsDisplay","location":"app/com.example.project2.ui.util/format-as-display.html","searchKeys":["formatAsDisplay","fun Instant.formatAsDisplay(): String","com.example.project2.ui.util.formatAsDisplay"]},{"name":"fun JigsawPuzzleScreen(puzzle: PuzzleDescriptor, onBack: () -> Unit, gridSize: Int, viewModel: MindMatchViewModel)","description":"com.example.project2.ui.screens.JigsawPuzzleScreen","location":"app/com.example.project2.ui.screens/-jigsaw-puzzle-screen.html","searchKeys":["JigsawPuzzleScreen","fun JigsawPuzzleScreen(puzzle: PuzzleDescriptor, onBack: () -> Unit, gridSize: Int, viewModel: MindMatchViewModel)","com.example.project2.ui.screens.JigsawPuzzleScreen"]},{"name":"fun LeaderboardEntry.toFirebase(): FirebaseLeaderboardEntry","description":"com.example.project2.data.toFirebase","location":"app/com.example.project2.data/to-firebase.html","searchKeys":["toFirebase","fun LeaderboardEntry.toFirebase(): FirebaseLeaderboardEntry","com.example.project2.data.toFirebase"]},{"name":"fun LeaderboardScreen(leaderboard: Map<String, List<LeaderboardEntry>>, puzzles: Map<String, PuzzleDescriptor>, modifier: Modifier = Modifier)","description":"com.example.project2.ui.screens.LeaderboardScreen","location":"app/com.example.project2.ui.screens/-leaderboard-screen.html","searchKeys":["LeaderboardScreen","fun LeaderboardScreen(leaderboard: Map<String, List<LeaderboardEntry>>, puzzles: Map<String, PuzzleDescriptor>, modifier: Modifier = Modifier)","com.example.project2.ui.screens.LeaderboardScreen"]},{"name":"fun LoginScreen(modifier: Modifier = Modifier, onLogin: () -> Unit = {}, onCreateAccount: () -> Unit = {}, onSecretAccess: () -> Unit = {})","description":"com.example.project2.ui.screens.LoginScreen","location":"app/com.example.project2.ui.screens/-login-screen.html","searchKeys":["LoginScreen","fun LoginScreen(modifier: Modifier = Modifier, onLogin: () -> Unit = {}, onCreateAccount: () -> Unit = {}, onSecretAccess: () -> Unit = {})","com.example.project2.ui.screens.LoginScreen"]},{"name":"fun MastermindScreen(puzzle: PuzzleDescriptor, config: MastermindConfig, progress: PuzzleProgress?, onProgressUpdated: (PuzzleProgress) -> Unit = {}, onBack: () -> Unit)","description":"com.example.project2.ui.screens.MastermindScreen","location":"app/com.example.project2.ui.screens/-mastermind-screen.html","searchKeys":["MastermindScreen","fun MastermindScreen(puzzle: PuzzleDescriptor, config: MastermindConfig, progress: PuzzleProgress?, onProgressUpdated: (PuzzleProgress) -> Unit = {}, onBack: () -> Unit)","com.example.project2.ui.screens.MastermindScreen"]},{"name":"fun MindMatchApp(modifier: Modifier = Modifier, providedViewModel: MindMatchViewModel? = null)","description":"com.example.project2.ui.MindMatchApp","location":"app/com.example.project2.ui/-mind-match-app.html","searchKeys":["MindMatchApp","fun MindMatchApp(modifier: Modifier = Modifier, providedViewModel: MindMatchViewModel? = null)","com.example.project2.ui.MindMatchApp"]},{"name":"fun PatternMemoryScreen(puzzle: PuzzleDescriptor, progress: PuzzleProgress?, modifier: Modifier = Modifier, onProgressUpdated: (PuzzleProgress) -> Unit = {}, onBack: () -> Unit = {})","description":"com.example.project2.ui.screens.PatternMemoryScreen","location":"app/com.example.project2.ui.screens/-pattern-memory-screen.html","searchKeys":["PatternMemoryScreen","fun PatternMemoryScreen(puzzle: PuzzleDescriptor, progress: PuzzleProgress?, modifier: Modifier = Modifier, onProgressUpdated: (PuzzleProgress) -> Unit = {}, onBack: () -> Unit = {})","com.example.project2.ui.screens.PatternMemoryScreen"]},{"name":"fun ProfileScreen(profile: PlayerProfile?, userPuzzles: List<PuzzleDescriptor> = emptyList(), modifier: Modifier = Modifier, onDeletePuzzle: (PuzzleDescriptor) -> Unit = {}, onSaveProfile: (String, String) -> Unit = { _, _ -> }, onDeleteAccount: () -> Unit = {}, onLogout: () -> Unit = {})","description":"com.example.project2.ui.screens.ProfileScreen","location":"app/com.example.project2.ui.screens/-profile-screen.html","searchKeys":["ProfileScreen","fun ProfileScreen(profile: PlayerProfile?, userPuzzles: List<PuzzleDescriptor> = emptyList(), modifier: Modifier = Modifier, onDeletePuzzle: (PuzzleDescriptor) -> Unit = {}, onSaveProfile: (String, String) -> Unit = { _, _ -> }, onDeleteAccount: () -> Unit = {}, onLogout: () -> Unit = {})","com.example.project2.ui.screens.ProfileScreen"]},{"name":"fun Project2Theme(darkTheme: Boolean = isSystemInDarkTheme(), dynamicColor: Boolean = false, content: () -> Unit)","description":"com.example.project2.ui.theme.Project2Theme","location":"app/com.example.project2.ui.theme/-project2-theme.html","searchKeys":["Project2Theme","fun Project2Theme(darkTheme: Boolean = isSystemInDarkTheme(), dynamicColor: Boolean = false, content: () -> Unit)","com.example.project2.ui.theme.Project2Theme"]},{"name":"fun PuzzleCard(puzzle: PuzzleDescriptor, modifier: Modifier = Modifier, progress: PuzzleProgress? = null, lastPlayed: Instant? = null, actionIcon: ImageVector? = null, actionText: String, onActionClick: () -> Unit = {})","description":"com.example.project2.ui.widgets.PuzzleCard","location":"app/com.example.project2.ui.widgets/-puzzle-card.html","searchKeys":["PuzzleCard","fun PuzzleCard(puzzle: PuzzleDescriptor, modifier: Modifier = Modifier, progress: PuzzleProgress? = null, lastPlayed: Instant? = null, actionIcon: ImageVector? = null, actionText: String, onActionClick: () -> Unit = {})","com.example.project2.ui.widgets.PuzzleCard"]},{"name":"fun PuzzleDescriptor.toFirebase(): FirebasePuzzle","description":"com.example.project2.data.toFirebase","location":"app/com.example.project2.data/to-firebase.html","searchKeys":["toFirebase","fun PuzzleDescriptor.toFirebase(): FirebasePuzzle","com.example.project2.data.toFirebase"]},{"name":"fun PuzzleLibraryScreen(puzzles: List<PuzzleDescriptor>, progress: Map<String, PuzzleProgress>, lastPlayed: Map<String, Timestamp> = emptyMap(), modifier: Modifier = Modifier, onPlayPuzzle: (PuzzleDescriptor) -> Unit = {})","description":"com.example.project2.ui.screens.PuzzleLibraryScreen","location":"app/com.example.project2.ui.screens/-puzzle-library-screen.html","searchKeys":["PuzzleLibraryScreen","fun PuzzleLibraryScreen(puzzles: List<PuzzleDescriptor>, progress: Map<String, PuzzleProgress>, lastPlayed: Map<String, Timestamp> = emptyMap(), modifier: Modifier = Modifier, onPlayPuzzle: (PuzzleDescriptor) -> Unit = {})","com.example.project2.ui.screens.PuzzleLibraryScreen"]},{"name":"fun PuzzleNotFoundScreen(modifier: Modifier = Modifier)","description":"com.example.project2.ui.screens.PuzzleNotFoundScreen","location":"app/com.example.project2.ui.screens/-puzzle-not-found-screen.html","searchKeys":["PuzzleNotFoundScreen","fun PuzzleNotFoundScreen(modifier: Modifier = Modifier)","com.example.project2.ui.screens.PuzzleNotFoundScreen"]},{"name":"fun PuzzleNotReadyScreen(puzzle: PuzzleDescriptor, modifier: Modifier = Modifier)","description":"com.example.project2.ui.screens.PuzzleNotReadyScreen","location":"app/com.example.project2.ui.screens/-puzzle-not-ready-screen.html","searchKeys":["PuzzleNotReadyScreen","fun PuzzleNotReadyScreen(puzzle: PuzzleDescriptor, modifier: Modifier = Modifier)","com.example.project2.ui.screens.PuzzleNotReadyScreen"]},{"name":"fun PuzzleProgress.toFirebase(): FirebasePuzzleProgress","description":"com.example.project2.data.toFirebase","location":"app/com.example.project2.data/to-firebase.html","searchKeys":["toFirebase","fun PuzzleProgress.toFirebase(): FirebasePuzzleProgress","com.example.project2.data.toFirebase"]},{"name":"fun StatChip(title: String, value: String, modifier: Modifier = Modifier)","description":"com.example.project2.ui.widgets.StatChip","location":"app/com.example.project2.ui.widgets/-stat-chip.html","searchKeys":["StatChip","fun StatChip(title: String, value: String, modifier: Modifier = Modifier)","com.example.project2.ui.widgets.StatChip"]},{"name":"fun deleteAccount(onDeleted: () -> Unit = {})","description":"com.example.project2.ui.MindMatchViewModel.deleteAccount","location":"app/com.example.project2.ui/-mind-match-view-model/delete-account.html","searchKeys":["deleteAccount","fun deleteAccount(onDeleted: () -> Unit = {})","com.example.project2.ui.MindMatchViewModel.deleteAccount"]},{"name":"fun deleteUserPuzzle(puzzleId: String)","description":"com.example.project2.ui.MindMatchViewModel.deleteUserPuzzle","location":"app/com.example.project2.ui/-mind-match-view-model/delete-user-puzzle.html","searchKeys":["deleteUserPuzzle","fun deleteUserPuzzle(puzzleId: String)","com.example.project2.ui.MindMatchViewModel.deleteUserPuzzle"]},{"name":"fun getCurrentUserEmail(): String?","description":"com.example.project2.data.AuthRepository.getCurrentUserEmail","location":"app/com.example.project2.data/-auth-repository/get-current-user-email.html","searchKeys":["getCurrentUserEmail","fun getCurrentUserEmail(): String?","com.example.project2.data.AuthRepository.getCurrentUserEmail"]},{"name":"fun getCurrentUserId(): String?","description":"com.example.project2.data.AuthRepository.getCurrentUserId","location":"app/com.example.project2.data/-auth-repository/get-current-user-id.html","searchKeys":["getCurrentUserId","fun getCurrentUserId(): String?","com.example.project2.data.AuthRepository.getCurrentUserId"]},{"name":"fun loadUserProfile(userId: String, onResult: (PlayerProfile?, String?) -> Unit)","description":"com.example.project2.data.AuthRepository.loadUserProfile","location":"app/com.example.project2.data/-auth-repository/load-user-profile.html","searchKeys":["loadUserProfile","fun loadUserProfile(userId: String, onResult: (PlayerProfile?, String?) -> Unit)","com.example.project2.data.AuthRepository.loadUserProfile"]},{"name":"fun login(email: String, password: String, onResult: (Boolean, String?) -> Unit)","description":"com.example.project2.data.AuthRepository.login","location":"app/com.example.project2.data/-auth-repository/login.html","searchKeys":["login","fun login(email: String, password: String, onResult: (Boolean, String?) -> Unit)","com.example.project2.data.AuthRepository.login"]},{"name":"fun logout()","description":"com.example.project2.data.AuthRepository.logout","location":"app/com.example.project2.data/-auth-repository/logout.html","searchKeys":["logout","fun logout()","com.example.project2.data.AuthRepository.logout"]},{"name":"fun markPuzzlePlayed(puzzleId: String)","description":"com.example.project2.ui.MindMatchViewModel.markPuzzlePlayed","location":"app/com.example.project2.ui/-mind-match-view-model/mark-puzzle-played.html","searchKeys":["markPuzzlePlayed","fun markPuzzlePlayed(puzzleId: String)","com.example.project2.ui.MindMatchViewModel.markPuzzlePlayed"]},{"name":"fun refreshDailyChallenge()","description":"com.example.project2.ui.MindMatchViewModel.refreshDailyChallenge","location":"app/com.example.project2.ui/-mind-match-view-model/refresh-daily-challenge.html","searchKeys":["refreshDailyChallenge","fun refreshDailyChallenge()","com.example.project2.ui.MindMatchViewModel.refreshDailyChallenge"]},{"name":"fun refreshPuzzles()","description":"com.example.project2.ui.MindMatchViewModel.refreshPuzzles","location":"app/com.example.project2.ui/-mind-match-view-model/refresh-puzzles.html","searchKeys":["refreshPuzzles","fun refreshPuzzles()","com.example.project2.ui.MindMatchViewModel.refreshPuzzles"]},{"name":"fun reloadData()","description":"com.example.project2.ui.MindMatchViewModel.reloadData","location":"app/com.example.project2.ui/-mind-match-view-model/reload-data.html","searchKeys":["reloadData","fun reloadData()","com.example.project2.ui.MindMatchViewModel.reloadData"]},{"name":"fun saveJigsawScore(timeInSeconds: Long, gridSize: Int)","description":"com.example.project2.ui.MindMatchViewModel.saveJigsawScore","location":"app/com.example.project2.ui/-mind-match-view-model/save-jigsaw-score.html","searchKeys":["saveJigsawScore","fun saveJigsawScore(timeInSeconds: Long, gridSize: Int)","com.example.project2.ui.MindMatchViewModel.saveJigsawScore"]},{"name":"fun saveProgress(progress: PuzzleProgress)","description":"com.example.project2.ui.MindMatchViewModel.saveProgress","location":"app/com.example.project2.ui/-mind-match-view-model/save-progress.html","searchKeys":["saveProgress","fun saveProgress(progress: PuzzleProgress)","com.example.project2.ui.MindMatchViewModel.saveProgress"]},{"name":"fun signUp(email: String, password: String, displayName: String, context: Context, onResult: (Boolean, String?) -> Unit)","description":"com.example.project2.data.AuthRepository.signUp","location":"app/com.example.project2.data/-auth-repository/sign-up.html","searchKeys":["signUp","fun signUp(email: String, password: String, displayName: String, context: Context, onResult: (Boolean, String?) -> Unit)","com.example.project2.data.AuthRepository.signUp"]},{"name":"fun submitLeaderboardScore(puzzleId: String, score: Int)","description":"com.example.project2.ui.MindMatchViewModel.submitLeaderboardScore","location":"app/com.example.project2.ui/-mind-match-view-model/submit-leaderboard-score.html","searchKeys":["submitLeaderboardScore","fun submitLeaderboardScore(puzzleId: String, score: Int)","com.example.project2.ui.MindMatchViewModel.submitLeaderboardScore"]},{"name":"fun updateProfile(displayName: String, bio: String)","description":"com.example.project2.ui.MindMatchViewModel.updateProfile","location":"app/com.example.project2.ui/-mind-match-view-model/update-profile.html","searchKeys":["updateProfile","fun updateProfile(displayName: String, bio: String)","com.example.project2.ui.MindMatchViewModel.updateProfile"]},{"name":"fun valueOf(value: String): Difficulty","description":"com.example.project2.data.Difficulty.valueOf","location":"app/com.example.project2.data/-difficulty/value-of.html","searchKeys":["valueOf","fun valueOf(value: String): Difficulty","com.example.project2.data.Difficulty.valueOf"]},{"name":"fun valueOf(value: String): MindMatchDestination","description":"com.example.project2.ui.MindMatchDestination.valueOf","location":"app/com.example.project2.ui/-mind-match-destination/value-of.html","searchKeys":["valueOf","fun valueOf(value: String): MindMatchDestination","com.example.project2.ui.MindMatchDestination.valueOf"]},{"name":"fun valueOf(value: String): PuzzleCellState","description":"com.example.project2.data.PuzzleCellState.valueOf","location":"app/com.example.project2.data/-puzzle-cell-state/value-of.html","searchKeys":["valueOf","fun valueOf(value: String): PuzzleCellState","com.example.project2.data.PuzzleCellState.valueOf"]},{"name":"fun valueOf(value: String): PuzzleType","description":"com.example.project2.data.PuzzleType.valueOf","location":"app/com.example.project2.data/-puzzle-type/value-of.html","searchKeys":["valueOf","fun valueOf(value: String): PuzzleType","com.example.project2.data.PuzzleType.valueOf"]},{"name":"fun values(): Array<Difficulty>","description":"com.example.project2.data.Difficulty.values","location":"app/com.example.project2.data/-difficulty/values.html","searchKeys":["values","fun values(): Array<Difficulty>","com.example.project2.data.Difficulty.values"]},{"name":"fun values(): Array<MindMatchDestination>","description":"com.example.project2.ui.MindMatchDestination.values","location":"app/com.example.project2.ui/-mind-match-destination/values.html","searchKeys":["values","fun values(): Array<MindMatchDestination>","com.example.project2.ui.MindMatchDestination.values"]},{"name":"fun values(): Array<PuzzleCellState>","description":"com.example.project2.data.PuzzleCellState.values","location":"app/com.example.project2.data/-puzzle-cell-state/values.html","searchKeys":["values","fun values(): Array<PuzzleCellState>","com.example.project2.data.PuzzleCellState.values"]},{"name":"fun values(): Array<PuzzleType>","description":"com.example.project2.data.PuzzleType.values","location":"app/com.example.project2.data/-puzzle-type/values.html","searchKeys":["values","fun values(): Array<PuzzleType>","com.example.project2.data.PuzzleType.values"]},{"name":"interface MindMatchRepository","description":"com.example.project2.data.MindMatchRepository","location":"app/com.example.project2.data/-mind-match-repository/index.html","searchKeys":["MindMatchRepository","interface MindMatchRepository","com.example.project2.data.MindMatchRepository"]},{"name":"object Companion","description":"com.example.project2.data.DailyChallengeGeneratorRepository.Companion","location":"app/com.example.project2.data/-daily-challenge-generator-repository/-companion/index.html","searchKeys":["Companion","object Companion","com.example.project2.data.DailyChallengeGeneratorRepository.Companion"]},{"name":"object Companion","description":"com.example.project2.data.FirebaseMindMatchRepository.Companion","location":"app/com.example.project2.data/-firebase-mind-match-repository/-companion/index.html","searchKeys":["Companion","object Companion","com.example.project2.data.FirebaseMindMatchRepository.Companion"]},{"name":"open lateinit override var activeProfile: PlayerProfile","description":"com.example.project2.data.FirebaseMindMatchRepository.activeProfile","location":"app/com.example.project2.data/-firebase-mind-match-repository/active-profile.html","searchKeys":["activeProfile","open lateinit override var activeProfile: PlayerProfile","com.example.project2.data.FirebaseMindMatchRepository.activeProfile"]},{"name":"open override val activeProfile: PlayerProfile","description":"com.example.project2.data.FakeMindMatchRepository.activeProfile","location":"app/com.example.project2.data/-fake-mind-match-repository/active-profile.html","searchKeys":["activeProfile","open override val activeProfile: PlayerProfile","com.example.project2.data.FakeMindMatchRepository.activeProfile"]},{"name":"open override val dailyChallenge: DailyChallenge","description":"com.example.project2.data.FakeMindMatchRepository.dailyChallenge","location":"app/com.example.project2.data/-fake-mind-match-repository/daily-challenge.html","searchKeys":["dailyChallenge","open override val dailyChallenge: DailyChallenge","com.example.project2.data.FakeMindMatchRepository.dailyChallenge"]},{"name":"open override val dailyChallenge: DailyChallenge","description":"com.example.project2.data.FirebaseMindMatchRepository.dailyChallenge","location":"app/com.example.project2.data/-firebase-mind-match-repository/daily-challenge.html","searchKeys":["dailyChallenge","open override val dailyChallenge: DailyChallenge","com.example.project2.data.FirebaseMindMatchRepository.dailyChallenge"]},{"name":"open override val leaderboard: Map<String, List<LeaderboardEntry>>","description":"com.example.project2.data.FakeMindMatchRepository.leaderboard","location":"app/com.example.project2.data/-fake-mind-match-repository/leaderboard.html","searchKeys":["leaderboard","open override val leaderboard: Map<String, List<LeaderboardEntry>>","com.example.project2.data.FakeMindMatchRepository.leaderboard"]},{"name":"open override val leaderboard: Map<String, List<LeaderboardEntry>>","description":"com.example.project2.data.FirebaseMindMatchRepository.leaderboard","location":"app/com.example.project2.data/-firebase-mind-match-repository/leaderboard.html","searchKeys":["leaderboard","open override val leaderboard: Map<String, List<LeaderboardEntry>>","com.example.project2.data.FirebaseMindMatchRepository.leaderboard"]},{"name":"open override val progressByPuzzle: Map<String, PuzzleProgress>","description":"com.example.project2.data.FakeMindMatchRepository.progressByPuzzle","location":"app/com.example.project2.data/-fake-mind-match-repository/progress-by-puzzle.html","searchKeys":["progressByPuzzle","open override val progressByPuzzle: Map<String, PuzzleProgress>","com.example.project2.data.FakeMindMatchRepository.progressByPuzzle"]},{"name":"open override val progressByPuzzle: Map<String, PuzzleProgress>","description":"com.example.project2.data.FirebaseMindMatchRepository.progressByPuzzle","location":"app/com.example.project2.data/-firebase-mind-match-repository/progress-by-puzzle.html","searchKeys":["progressByPuzzle","open override val progressByPuzzle: Map<String, PuzzleProgress>","com.example.project2.data.FirebaseMindMatchRepository.progressByPuzzle"]},{"name":"open override val puzzles: List<PuzzleDescriptor>","description":"com.example.project2.data.FakeMindMatchRepository.puzzles","location":"app/com.example.project2.data/-fake-mind-match-repository/puzzles.html","searchKeys":["puzzles","open override val puzzles: List<PuzzleDescriptor>","com.example.project2.data.FakeMindMatchRepository.puzzles"]},{"name":"open override val puzzles: List<PuzzleDescriptor>","description":"com.example.project2.data.FirebaseMindMatchRepository.puzzles","location":"app/com.example.project2.data/-firebase-mind-match-repository/puzzles.html","searchKeys":["puzzles","open override val puzzles: List<PuzzleDescriptor>","com.example.project2.data.FirebaseMindMatchRepository.puzzles"]},{"name":"suspend fun deleteAccount(): Boolean","description":"com.example.project2.data.AuthRepository.deleteAccount","location":"app/com.example.project2.data/-auth-repository/delete-account.html","searchKeys":["deleteAccount","suspend fun deleteAccount(): Boolean","com.example.project2.data.AuthRepository.deleteAccount"]},{"name":"suspend fun deletePuzzleFromFirebase(puzzleId: String)","description":"com.example.project2.data.FirebaseMindMatchRepository.deletePuzzleFromFirebase","location":"app/com.example.project2.data/-firebase-mind-match-repository/delete-puzzle-from-firebase.html","searchKeys":["deletePuzzleFromFirebase","suspend fun deletePuzzleFromFirebase(puzzleId: String)","com.example.project2.data.FirebaseMindMatchRepository.deletePuzzleFromFirebase"]},{"name":"suspend fun generateAndStore(prompt: String): DailyChallengeGenerationResult","description":"com.example.project2.data.DailyChallengeGeneratorRepository.generateAndStore","location":"app/com.example.project2.data/-daily-challenge-generator-repository/generate-and-store.html","searchKeys":["generateAndStore","suspend fun generateAndStore(prompt: String): DailyChallengeGenerationResult","com.example.project2.data.DailyChallengeGeneratorRepository.generateAndStore"]},{"name":"suspend fun loadActiveProfile(authRepo: AuthRepository)","description":"com.example.project2.data.FirebaseMindMatchRepository.loadActiveProfile","location":"app/com.example.project2.data/-firebase-mind-match-repository/load-active-profile.html","searchKeys":["loadActiveProfile","suspend fun loadActiveProfile(authRepo: AuthRepository)","com.example.project2.data.FirebaseMindMatchRepository.loadActiveProfile"]},{"name":"suspend fun loadLatestDailyChallenge(): DailyChallenge?","description":"com.example.project2.data.FirebaseMindMatchRepository.loadLatestDailyChallenge","location":"app/com.example.project2.data/-firebase-mind-match-repository/load-latest-daily-challenge.html","searchKeys":["loadLatestDailyChallenge","suspend fun loadLatestDailyChallenge(): DailyChallenge?","com.example.project2.data.FirebaseMindMatchRepository.loadLatestDailyChallenge"]},{"name":"suspend fun loadLeaderboard()","description":"com.example.project2.data.FirebaseMindMatchRepository.loadLeaderboard","location":"app/com.example.project2.data/-firebase-mind-match-repository/load-leaderboard.html","searchKeys":["loadLeaderboard","suspend fun loadLeaderboard()","com.example.project2.data.FirebaseMindMatchRepository.loadLeaderboard"]},{"name":"suspend fun loadProgressForUser(userId: String)","description":"com.example.project2.data.FirebaseMindMatchRepository.loadProgressForUser","location":"app/com.example.project2.data/-firebase-mind-match-repository/load-progress-for-user.html","searchKeys":["loadProgressForUser","suspend fun loadProgressForUser(userId: String)","com.example.project2.data.FirebaseMindMatchRepository.loadProgressForUser"]},{"name":"suspend fun loadPuzzleTypes(): List<String>","description":"com.example.project2.data.FirebaseMindMatchRepository.loadPuzzleTypes","location":"app/com.example.project2.data/-firebase-mind-match-repository/load-puzzle-types.html","searchKeys":["loadPuzzleTypes","suspend fun loadPuzzleTypes(): List<String>","com.example.project2.data.FirebaseMindMatchRepository.loadPuzzleTypes"]},{"name":"suspend fun loadPuzzlesFromFirebase()","description":"com.example.project2.data.FirebaseMindMatchRepository.loadPuzzlesFromFirebase","location":"app/com.example.project2.data/-firebase-mind-match-repository/load-puzzles-from-firebase.html","searchKeys":["loadPuzzlesFromFirebase","suspend fun loadPuzzlesFromFirebase()","com.example.project2.data.FirebaseMindMatchRepository.loadPuzzlesFromFirebase"]},{"name":"suspend fun recordPuzzlePlayed(userId: String, puzzleId: String, playedAt: Timestamp = Timestamp.now())","description":"com.example.project2.data.FirebaseMindMatchRepository.recordPuzzlePlayed","location":"app/com.example.project2.data/-firebase-mind-match-repository/record-puzzle-played.html","searchKeys":["recordPuzzlePlayed","suspend fun recordPuzzlePlayed(userId: String, puzzleId: String, playedAt: Timestamp = Timestamp.now())","com.example.project2.data.FirebaseMindMatchRepository.recordPuzzlePlayed"]},{"name":"suspend fun saveJigsawScore(timeInSeconds: Long, gridSize: Int)","description":"com.example.project2.data.FirebaseMindMatchRepository.saveJigsawScore","location":"app/com.example.project2.data/-firebase-mind-match-repository/save-jigsaw-score.html","searchKeys":["saveJigsawScore","suspend fun saveJigsawScore(timeInSeconds: Long, gridSize: Int)","com.example.project2.data.FirebaseMindMatchRepository.saveJigsawScore"]},{"name":"suspend fun saveProgress(userId: String, progress: PuzzleProgress)","description":"com.example.project2.data.FirebaseMindMatchRepository.saveProgress","location":"app/com.example.project2.data/-firebase-mind-match-repository/save-progress.html","searchKeys":["saveProgress","suspend fun saveProgress(userId: String, progress: PuzzleProgress)","com.example.project2.data.FirebaseMindMatchRepository.saveProgress"]},{"name":"suspend fun savePuzzleToFirebase(puzzle: PuzzleDescriptor)","description":"com.example.project2.data.FirebaseMindMatchRepository.savePuzzleToFirebase","location":"app/com.example.project2.data/-firebase-mind-match-repository/save-puzzle-to-firebase.html","searchKeys":["savePuzzleToFirebase","suspend fun savePuzzleToFirebase(puzzle: PuzzleDescriptor)","com.example.project2.data.FirebaseMindMatchRepository.savePuzzleToFirebase"]},{"name":"suspend fun seedPuzzleTypesIfEmpty(defaults: List<String> = listOf(\"Mastermind\", \"Color Match\", \"Jigsaw\"))","description":"com.example.project2.data.FirebaseMindMatchRepository.seedPuzzleTypesIfEmpty","location":"app/com.example.project2.data/-firebase-mind-match-repository/seed-puzzle-types-if-empty.html","searchKeys":["seedPuzzleTypesIfEmpty","suspend fun seedPuzzleTypesIfEmpty(defaults: List<String> = listOf(\"Mastermind\", \"Color Match\", \"Jigsaw\"))","com.example.project2.data.FirebaseMindMatchRepository.seedPuzzleTypesIfEmpty"]},{"name":"suspend fun submitLeaderboardEntry(puzzleId: String, playerName: String, score: Int)","description":"com.example.project2.data.FirebaseMindMatchRepository.submitLeaderboardEntry","location":"app/com.example.project2.data/-firebase-mind-match-repository/submit-leaderboard-entry.html","searchKeys":["submitLeaderboardEntry","suspend fun submitLeaderboardEntry(puzzleId: String, playerName: String, score: Int)","com.example.project2.data.FirebaseMindMatchRepository.submitLeaderboardEntry"]},{"name":"suspend fun updateProfile(userId: String, displayName: String, bio: String): PlayerProfile?","description":"com.example.project2.data.AuthRepository.updateProfile","location":"app/com.example.project2.data/-auth-repository/update-profile.html","searchKeys":["updateProfile","suspend fun updateProfile(userId: String, displayName: String, bio: String): PlayerProfile?","com.example.project2.data.AuthRepository.updateProfile"]},{"name":"suspend fun uploadPuzzleImage(imageUri: Uri, puzzleId: String): String","description":"com.example.project2.data.FirebaseMindMatchRepository.uploadPuzzleImage","location":"app/com.example.project2.data/-firebase-mind-match-repository/upload-puzzle-image.html","searchKeys":["uploadPuzzleImage","suspend fun uploadPuzzleImage(imageUri: Uri, puzzleId: String): String","com.example.project2.data.FirebaseMindMatchRepository.uploadPuzzleImage"]},{"name":"val CharcoalBase: Color","description":"com.example.project2.ui.theme.CharcoalBase","location":"app/com.example.project2.ui.theme/-charcoal-base.html","searchKeys":["CharcoalBase","val CharcoalBase: Color","com.example.project2.ui.theme.CharcoalBase"]},{"name":"val CharcoalSurface: Color","description":"com.example.project2.ui.theme.CharcoalSurface","location":"app/com.example.project2.ui.theme/-charcoal-surface.html","searchKeys":["CharcoalSurface","val CharcoalSurface: Color","com.example.project2.ui.theme.CharcoalSurface"]},{"name":"val CoolGray: Color","description":"com.example.project2.ui.theme.CoolGray","location":"app/com.example.project2.ui.theme/-cool-gray.html","searchKeys":["CoolGray","val CoolGray: Color","com.example.project2.ui.theme.CoolGray"]},{"name":"val DeepNavySecondary: Color","description":"com.example.project2.ui.theme.DeepNavySecondary","location":"app/com.example.project2.ui.theme/-deep-navy-secondary.html","searchKeys":["DeepNavySecondary","val DeepNavySecondary: Color","com.example.project2.ui.theme.DeepNavySecondary"]},{"name":"val DeepNavySecondaryContainer: Color","description":"com.example.project2.ui.theme.DeepNavySecondaryContainer","location":"app/com.example.project2.ui.theme/-deep-navy-secondary-container.html","searchKeys":["DeepNavySecondaryContainer","val DeepNavySecondaryContainer: Color","com.example.project2.ui.theme.DeepNavySecondaryContainer"]},{"name":"val LightMist: Color","description":"com.example.project2.ui.theme.LightMist","location":"app/com.example.project2.ui.theme/-light-mist.html","searchKeys":["LightMist","val LightMist: Color","com.example.project2.ui.theme.LightMist"]},{"name":"val RoyalBlueContainer: Color","description":"com.example.project2.ui.theme.RoyalBlueContainer","location":"app/com.example.project2.ui.theme/-royal-blue-container.html","searchKeys":["RoyalBlueContainer","val RoyalBlueContainer: Color","com.example.project2.ui.theme.RoyalBlueContainer"]},{"name":"val RoyalBluePrimary: Color","description":"com.example.project2.ui.theme.RoyalBluePrimary","location":"app/com.example.project2.ui.theme/-royal-blue-primary.html","searchKeys":["RoyalBluePrimary","val RoyalBluePrimary: Color","com.example.project2.ui.theme.RoyalBluePrimary"]},{"name":"val SteelBlueTertiary: Color","description":"com.example.project2.ui.theme.SteelBlueTertiary","location":"app/com.example.project2.ui.theme/-steel-blue-tertiary.html","searchKeys":["SteelBlueTertiary","val SteelBlueTertiary: Color","com.example.project2.ui.theme.SteelBlueTertiary"]},{"name":"val SteelBlueTertiaryContainer: Color","description":"com.example.project2.ui.theme.SteelBlueTertiaryContainer","location":"app/com.example.project2.ui.theme/-steel-blue-tertiary-container.html","searchKeys":["SteelBlueTertiaryContainer","val SteelBlueTertiaryContainer: Color","com.example.project2.ui.theme.SteelBlueTertiaryContainer"]},{"name":"val Typography: Typography","description":"com.example.project2.ui.theme.Typography","location":"app/com.example.project2.ui.theme/-typography.html","searchKeys":["Typography","val Typography: Typography","com.example.project2.ui.theme.Typography"]},{"name":"val avatarUrl: String? = null","description":"com.example.project2.data.PlayerProfile.avatarUrl","location":"app/com.example.project2.data/-player-profile/avatar-url.html","searchKeys":["avatarUrl","val avatarUrl: String? = null","com.example.project2.data.PlayerProfile.avatarUrl"]},{"name":"val bestScore: Int","description":"com.example.project2.data.PuzzleProgress.bestScore","location":"app/com.example.project2.data/-puzzle-progress/best-score.html","searchKeys":["bestScore","val bestScore: Int","com.example.project2.data.PuzzleProgress.bestScore"]},{"name":"val bestScore: Int = 0","description":"com.example.project2.data.FirebasePuzzleProgress.bestScore","location":"app/com.example.project2.data/-firebase-puzzle-progress/best-score.html","searchKeys":["bestScore","val bestScore: Int = 0","com.example.project2.data.FirebasePuzzleProgress.bestScore"]},{"name":"val bestTime: Duration?","description":"com.example.project2.data.PuzzleProgress.bestTime","location":"app/com.example.project2.data/-puzzle-progress/best-time.html","searchKeys":["bestTime","val bestTime: Duration?","com.example.project2.data.PuzzleProgress.bestTime"]},{"name":"val bestTimeSeconds: Long? = null","description":"com.example.project2.data.FirebasePuzzleProgress.bestTimeSeconds","location":"app/com.example.project2.data/-firebase-puzzle-progress/best-time-seconds.html","searchKeys":["bestTimeSeconds","val bestTimeSeconds: Long? = null","com.example.project2.data.FirebasePuzzleProgress.bestTimeSeconds"]},{"name":"val bio: String","description":"com.example.project2.data.PlayerProfile.bio","location":"app/com.example.project2.data/-player-profile/bio.html","searchKeys":["bio","val bio: String","com.example.project2.data.PlayerProfile.bio"]},{"name":"val code: List<String>","description":"com.example.project2.data.MastermindConfig.code","location":"app/com.example.project2.data/-mastermind-config/code.html","searchKeys":["code","val code: List<String>","com.example.project2.data.MastermindConfig.code"]},{"name":"val colorOnly: Int","description":"com.example.project2.ui.screens.MastermindFeedback.colorOnly","location":"app/com.example.project2.ui.screens/-mastermind-feedback/color-only.html","searchKeys":["colorOnly","val colorOnly: Int","com.example.project2.ui.screens.MastermindFeedback.colorOnly"]},{"name":"val colors: List<String>","description":"com.example.project2.data.MastermindConfig.colors","location":"app/com.example.project2.data/-mastermind-config/colors.html","searchKeys":["colors","val colors: List<String>","com.example.project2.data.MastermindConfig.colors"]},{"name":"val content: DailyPuzzleContent","description":"com.example.project2.data.DailyChallenge.content","location":"app/com.example.project2.data/-daily-challenge/content.html","searchKeys":["content","val content: DailyPuzzleContent","com.example.project2.data.DailyChallenge.content"]},{"name":"val controls: List<PuzzleControl>","description":"com.example.project2.data.DailyPuzzleContent.controls","location":"app/com.example.project2.data/-daily-puzzle-content/controls.html","searchKeys":["controls","val controls: List<PuzzleControl>","com.example.project2.data.DailyPuzzleContent.controls"]},{"name":"val createdAt: Timestamp","description":"com.example.project2.data.PlayerProfile.createdAt","location":"app/com.example.project2.data/-player-profile/created-at.html","searchKeys":["createdAt","val createdAt: Timestamp","com.example.project2.data.PlayerProfile.createdAt"]},{"name":"val creatorId: String","description":"com.example.project2.data.FirebasePuzzle.creatorId","location":"app/com.example.project2.data/-firebase-puzzle/creator-id.html","searchKeys":["creatorId","val creatorId: String","com.example.project2.data.FirebasePuzzle.creatorId"]},{"name":"val creatorId: String","description":"com.example.project2.data.PuzzleDescriptor.creatorId","location":"app/com.example.project2.data/-puzzle-descriptor/creator-id.html","searchKeys":["creatorId","val creatorId: String","com.example.project2.data.PuzzleDescriptor.creatorId"]},{"name":"val currentLevel: Int","description":"com.example.project2.data.PuzzleProgress.currentLevel","location":"app/com.example.project2.data/-puzzle-progress/current-level.html","searchKeys":["currentLevel","val currentLevel: Int","com.example.project2.data.PuzzleProgress.currentLevel"]},{"name":"val currentLevel: Int = 0","description":"com.example.project2.data.FirebasePuzzleProgress.currentLevel","location":"app/com.example.project2.data/-firebase-puzzle-progress/current-level.html","searchKeys":["currentLevel","val currentLevel: Int = 0","com.example.project2.data.FirebasePuzzleProgress.currentLevel"]},{"name":"val description: String","description":"com.example.project2.data.FirebasePuzzle.description","location":"app/com.example.project2.data/-firebase-puzzle/description.html","searchKeys":["description","val description: String","com.example.project2.data.FirebasePuzzle.description"]},{"name":"val description: String","description":"com.example.project2.data.PuzzleDescriptor.description","location":"app/com.example.project2.data/-puzzle-descriptor/description.html","searchKeys":["description","val description: String","com.example.project2.data.PuzzleDescriptor.description"]},{"name":"val difficulty: Difficulty","description":"com.example.project2.data.PuzzleDescriptor.difficulty","location":"app/com.example.project2.data/-puzzle-descriptor/difficulty.html","searchKeys":["difficulty","val difficulty: Difficulty","com.example.project2.data.PuzzleDescriptor.difficulty"]},{"name":"val difficulty: String","description":"com.example.project2.data.FirebasePuzzle.difficulty","location":"app/com.example.project2.data/-firebase-puzzle/difficulty.html","searchKeys":["difficulty","val difficulty: String","com.example.project2.data.FirebasePuzzle.difficulty"]},{"name":"val displayName: String","description":"com.example.project2.data.PlayerProfile.displayName","location":"app/com.example.project2.data/-player-profile/display-name.html","searchKeys":["displayName","val displayName: String","com.example.project2.data.PlayerProfile.displayName"]},{"name":"val displayName: String","description":"com.example.project2.data.PuzzleType.displayName","location":"app/com.example.project2.data/-puzzle-type/display-name.html","searchKeys":["displayName","val displayName: String","com.example.project2.data.PuzzleType.displayName"]},{"name":"val documentId: String","description":"com.example.project2.data.DailyChallengeGenerationResult.documentId","location":"app/com.example.project2.data/-daily-challenge-generation-result/document-id.html","searchKeys":["documentId","val documentId: String","com.example.project2.data.DailyChallengeGenerationResult.documentId"]},{"name":"val entries: EnumEntries<Difficulty>","description":"com.example.project2.data.Difficulty.entries","location":"app/com.example.project2.data/-difficulty/entries.html","searchKeys":["entries","val entries: EnumEntries<Difficulty>","com.example.project2.data.Difficulty.entries"]},{"name":"val entries: EnumEntries<MindMatchDestination>","description":"com.example.project2.ui.MindMatchDestination.entries","location":"app/com.example.project2.ui/-mind-match-destination/entries.html","searchKeys":["entries","val entries: EnumEntries<MindMatchDestination>","com.example.project2.ui.MindMatchDestination.entries"]},{"name":"val entries: EnumEntries<PuzzleCellState>","description":"com.example.project2.data.PuzzleCellState.entries","location":"app/com.example.project2.data/-puzzle-cell-state/entries.html","searchKeys":["entries","val entries: EnumEntries<PuzzleCellState>","com.example.project2.data.PuzzleCellState.entries"]},{"name":"val entries: EnumEntries<PuzzleType>","description":"com.example.project2.data.PuzzleType.entries","location":"app/com.example.project2.data/-puzzle-type/entries.html","searchKeys":["entries","val entries: EnumEntries<PuzzleType>","com.example.project2.data.PuzzleType.entries"]},{"name":"val estimatedDuration: Duration","description":"com.example.project2.data.PuzzleDescriptor.estimatedDuration","location":"app/com.example.project2.data/-puzzle-descriptor/estimated-duration.html","searchKeys":["estimatedDuration","val estimatedDuration: Duration","com.example.project2.data.PuzzleDescriptor.estimatedDuration"]},{"name":"val estimatedDurationSeconds: Long = 120","description":"com.example.project2.data.FirebasePuzzle.estimatedDurationSeconds","location":"app/com.example.project2.data/-firebase-puzzle/estimated-duration-seconds.html","searchKeys":["estimatedDurationSeconds","val estimatedDurationSeconds: Long = 120","com.example.project2.data.FirebasePuzzle.estimatedDurationSeconds"]},{"name":"val exact: Int","description":"com.example.project2.ui.screens.MastermindFeedback.exact","location":"app/com.example.project2.ui.screens/-mastermind-feedback/exact.html","searchKeys":["exact","val exact: Int","com.example.project2.ui.screens.MastermindFeedback.exact"]},{"name":"val expiresAt: Instant","description":"com.example.project2.data.DailyChallenge.expiresAt","location":"app/com.example.project2.data/-daily-challenge/expires-at.html","searchKeys":["expiresAt","val expiresAt: Instant","com.example.project2.data.DailyChallenge.expiresAt"]},{"name":"val feedback: MastermindFeedback","description":"com.example.project2.ui.screens.MastermindGuess.feedback","location":"app/com.example.project2.ui.screens/-mastermind-guess/feedback.html","searchKeys":["feedback","val feedback: MastermindFeedback","com.example.project2.ui.screens.MastermindGuess.feedback"]},{"name":"val grid: List<List<PuzzleCell>>","description":"com.example.project2.data.DailyPuzzleContent.grid","location":"app/com.example.project2.data/-daily-puzzle-content/grid.html","searchKeys":["grid","val grid: List<List<PuzzleCell>>","com.example.project2.data.DailyPuzzleContent.grid"]},{"name":"val gridSize: Int? = null","description":"com.example.project2.data.PuzzleDescriptor.gridSize","location":"app/com.example.project2.data/-puzzle-descriptor/grid-size.html","searchKeys":["gridSize","val gridSize: Int? = null","com.example.project2.data.PuzzleDescriptor.gridSize"]},{"name":"val guesses: Int","description":"com.example.project2.data.MastermindConfig.guesses","location":"app/com.example.project2.data/-mastermind-config/guesses.html","searchKeys":["guesses","val guesses: Int","com.example.project2.data.MastermindConfig.guesses"]},{"name":"val icon: ImageVector","description":"com.example.project2.ui.MindMatchDestination.icon","location":"app/com.example.project2.ui/-mind-match-destination/icon.html","searchKeys":["icon","val icon: ImageVector","com.example.project2.ui.MindMatchDestination.icon"]},{"name":"val id: String","description":"com.example.project2.data.FirebasePuzzle.id","location":"app/com.example.project2.data/-firebase-puzzle/id.html","searchKeys":["id","val id: String","com.example.project2.data.FirebasePuzzle.id"]},{"name":"val id: String","description":"com.example.project2.data.PlayerProfile.id","location":"app/com.example.project2.data/-player-profile/id.html","searchKeys":["id","val id: String","com.example.project2.data.PlayerProfile.id"]},{"name":"val id: String","description":"com.example.project2.data.PuzzleControl.id","location":"app/com.example.project2.data/-puzzle-control/id.html","searchKeys":["id","val id: String","com.example.project2.data.PuzzleControl.id"]},{"name":"val id: String","description":"com.example.project2.data.PuzzleDescriptor.id","location":"app/com.example.project2.data/-puzzle-descriptor/id.html","searchKeys":["id","val id: String","com.example.project2.data.PuzzleDescriptor.id"]},{"name":"val imageName: String? = null","description":"com.example.project2.data.PuzzleDescriptor.imageName","location":"app/com.example.project2.data/-puzzle-descriptor/image-name.html","searchKeys":["imageName","val imageName: String? = null","com.example.project2.data.PuzzleDescriptor.imageName"]},{"name":"val imageUrl: String? = null","description":"com.example.project2.data.PuzzleDescriptor.imageUrl","location":"app/com.example.project2.data/-puzzle-descriptor/image-url.html","searchKeys":["imageUrl","val imageUrl: String? = null","com.example.project2.data.PuzzleDescriptor.imageUrl"]},{"name":"val inProgressState: String? = null","description":"com.example.project2.data.FirebasePuzzleProgress.inProgressState","location":"app/com.example.project2.data/-firebase-puzzle-progress/in-progress-state.html","searchKeys":["inProgressState","val inProgressState: String? = null","com.example.project2.data.FirebasePuzzleProgress.inProgressState"]},{"name":"val inProgressState: String? = null","description":"com.example.project2.data.PuzzleProgress.inProgressState","location":"app/com.example.project2.data/-puzzle-progress/in-progress-state.html","searchKeys":["inProgressState","val inProgressState: String? = null","com.example.project2.data.PuzzleProgress.inProgressState"]},{"name":"val instructions: String","description":"com.example.project2.data.DailyPuzzleContent.instructions","location":"app/com.example.project2.data/-daily-puzzle-content/instructions.html","searchKeys":["instructions","val instructions: String","com.example.project2.data.DailyPuzzleContent.instructions"]},{"name":"val isPrimary: Boolean = false","description":"com.example.project2.data.PuzzleControl.isPrimary","location":"app/com.example.project2.data/-puzzle-control/is-primary.html","searchKeys":["isPrimary","val isPrimary: Boolean = false","com.example.project2.data.PuzzleControl.isPrimary"]},{"name":"val isUserCreated: Boolean = false","description":"com.example.project2.data.FirebasePuzzle.isUserCreated","location":"app/com.example.project2.data/-firebase-puzzle/is-user-created.html","searchKeys":["isUserCreated","val isUserCreated: Boolean = false","com.example.project2.data.FirebasePuzzle.isUserCreated"]},{"name":"val isUserCreated: Boolean = false","description":"com.example.project2.data.PuzzleDescriptor.isUserCreated","location":"app/com.example.project2.data/-puzzle-descriptor/is-user-created.html","searchKeys":["isUserCreated","val isUserCreated: Boolean = false","com.example.project2.data.PuzzleDescriptor.isUserCreated"]},{"name":"val label: String","description":"com.example.project2.data.PuzzleControl.label","location":"app/com.example.project2.data/-puzzle-control/label.html","searchKeys":["label","val label: String","com.example.project2.data.PuzzleControl.label"]},{"name":"val label: String","description":"com.example.project2.ui.MindMatchDestination.label","location":"app/com.example.project2.ui/-mind-match-destination/label.html","searchKeys":["label","val label: String","com.example.project2.ui.MindMatchDestination.label"]},{"name":"val lastPlayed: Instant? = null","description":"com.example.project2.data.PuzzleDescriptor.lastPlayed","location":"app/com.example.project2.data/-puzzle-descriptor/last-played.html","searchKeys":["lastPlayed","val lastPlayed: Instant? = null","com.example.project2.data.PuzzleDescriptor.lastPlayed"]},{"name":"val lastPlayed: Timestamp? = null","description":"com.example.project2.data.FirebasePuzzle.lastPlayed","location":"app/com.example.project2.data/-firebase-puzzle/last-played.html","searchKeys":["lastPlayed","val lastPlayed: Timestamp? = null","com.example.project2.data.FirebasePuzzle.lastPlayed"]},{"name":"val levels: Int","description":"com.example.project2.data.MastermindConfig.levels","location":"app/com.example.project2.data/-mastermind-config/levels.html","searchKeys":["levels","val levels: Int","com.example.project2.data.MastermindConfig.levels"]},{"name":"val levelsUnlocked: Int","description":"com.example.project2.data.PuzzleProgress.levelsUnlocked","location":"app/com.example.project2.data/-puzzle-progress/levels-unlocked.html","searchKeys":["levelsUnlocked","val levelsUnlocked: Int","com.example.project2.data.PuzzleProgress.levelsUnlocked"]},{"name":"val levelsUnlocked: Int = 0","description":"com.example.project2.data.FirebasePuzzleProgress.levelsUnlocked","location":"app/com.example.project2.data/-firebase-puzzle-progress/levels-unlocked.html","searchKeys":["levelsUnlocked","val levelsUnlocked: Int = 0","com.example.project2.data.FirebasePuzzleProgress.levelsUnlocked"]},{"name":"val localImageResId: Int? = null","description":"com.example.project2.data.PuzzleDescriptor.localImageResId","location":"app/com.example.project2.data/-puzzle-descriptor/local-image-res-id.html","searchKeys":["localImageResId","val localImageResId: Int? = null","com.example.project2.data.PuzzleDescriptor.localImageResId"]},{"name":"val mastermindCode: List<String>? = null","description":"com.example.project2.data.FirebasePuzzle.mastermindCode","location":"app/com.example.project2.data/-firebase-puzzle/mastermind-code.html","searchKeys":["mastermindCode","val mastermindCode: List<String>? = null","com.example.project2.data.FirebasePuzzle.mastermindCode"]},{"name":"val mastermindColors: List<String>? = null","description":"com.example.project2.data.FirebasePuzzle.mastermindColors","location":"app/com.example.project2.data/-firebase-puzzle/mastermind-colors.html","searchKeys":["mastermindColors","val mastermindColors: List<String>? = null","com.example.project2.data.FirebasePuzzle.mastermindColors"]},{"name":"val mastermindConfig: MastermindConfig? = null","description":"com.example.project2.data.PuzzleDescriptor.mastermindConfig","location":"app/com.example.project2.data/-puzzle-descriptor/mastermind-config.html","searchKeys":["mastermindConfig","val mastermindConfig: MastermindConfig? = null","com.example.project2.data.PuzzleDescriptor.mastermindConfig"]},{"name":"val mastermindGuesses: Int? = null","description":"com.example.project2.data.FirebasePuzzle.mastermindGuesses","location":"app/com.example.project2.data/-firebase-puzzle/mastermind-guesses.html","searchKeys":["mastermindGuesses","val mastermindGuesses: Int? = null","com.example.project2.data.FirebasePuzzle.mastermindGuesses"]},{"name":"val mastermindLevels: Int? = null","description":"com.example.project2.data.FirebasePuzzle.mastermindLevels","location":"app/com.example.project2.data/-firebase-puzzle/mastermind-levels.html","searchKeys":["mastermindLevels","val mastermindLevels: Int? = null","com.example.project2.data.FirebasePuzzle.mastermindLevels"]},{"name":"val mastermindSlots: Int? = null","description":"com.example.project2.data.FirebasePuzzle.mastermindSlots","location":"app/com.example.project2.data/-firebase-puzzle/mastermind-slots.html","searchKeys":["mastermindSlots","val mastermindSlots: Int? = null","com.example.project2.data.FirebasePuzzle.mastermindSlots"]},{"name":"val playerName: String","description":"com.example.project2.data.FirebaseLeaderboardEntry.playerName","location":"app/com.example.project2.data/-firebase-leaderboard-entry/player-name.html","searchKeys":["playerName","val playerName: String","com.example.project2.data.FirebaseLeaderboardEntry.playerName"]},{"name":"val playerName: String","description":"com.example.project2.data.LeaderboardEntry.playerName","location":"app/com.example.project2.data/-leaderboard-entry/player-name.html","searchKeys":["playerName","val playerName: String","com.example.project2.data.LeaderboardEntry.playerName"]},{"name":"val preferredDifficulty: Difficulty","description":"com.example.project2.data.PlayerProfile.preferredDifficulty","location":"app/com.example.project2.data/-player-profile/preferred-difficulty.html","searchKeys":["preferredDifficulty","val preferredDifficulty: Difficulty","com.example.project2.data.PlayerProfile.preferredDifficulty"]},{"name":"val puzzle: PuzzleDescriptor","description":"com.example.project2.data.DailyChallenge.puzzle","location":"app/com.example.project2.data/-daily-challenge/puzzle.html","searchKeys":["puzzle","val puzzle: PuzzleDescriptor","com.example.project2.data.DailyChallenge.puzzle"]},{"name":"val puzzleId: String","description":"com.example.project2.data.FirebaseLeaderboardEntry.puzzleId","location":"app/com.example.project2.data/-firebase-leaderboard-entry/puzzle-id.html","searchKeys":["puzzleId","val puzzleId: String","com.example.project2.data.FirebaseLeaderboardEntry.puzzleId"]},{"name":"val puzzleId: String","description":"com.example.project2.data.FirebasePuzzleProgress.puzzleId","location":"app/com.example.project2.data/-firebase-puzzle-progress/puzzle-id.html","searchKeys":["puzzleId","val puzzleId: String","com.example.project2.data.FirebasePuzzleProgress.puzzleId"]},{"name":"val puzzleId: String","description":"com.example.project2.data.LeaderboardEntry.puzzleId","location":"app/com.example.project2.data/-leaderboard-entry/puzzle-id.html","searchKeys":["puzzleId","val puzzleId: String","com.example.project2.data.LeaderboardEntry.puzzleId"]},{"name":"val puzzleId: String","description":"com.example.project2.data.PuzzleProgress.puzzleId","location":"app/com.example.project2.data/-puzzle-progress/puzzle-id.html","searchKeys":["puzzleId","val puzzleId: String","com.example.project2.data.PuzzleProgress.puzzleId"]},{"name":"val puzzlesPlayed: Map<String, Timestamp>","description":"com.example.project2.data.PlayerProfile.puzzlesPlayed","location":"app/com.example.project2.data/-player-profile/puzzles-played.html","searchKeys":["puzzlesPlayed","val puzzlesPlayed: Map<String, Timestamp>","com.example.project2.data.PlayerProfile.puzzlesPlayed"]},{"name":"val rawJson: String","description":"com.example.project2.data.DailyChallengeGenerationResult.rawJson","location":"app/com.example.project2.data/-daily-challenge-generation-result/raw-json.html","searchKeys":["rawJson","val rawJson: String","com.example.project2.data.DailyChallengeGenerationResult.rawJson"]},{"name":"val recordedAt: Instant","description":"com.example.project2.data.LeaderboardEntry.recordedAt","location":"app/com.example.project2.data/-leaderboard-entry/recorded-at.html","searchKeys":["recordedAt","val recordedAt: Instant","com.example.project2.data.LeaderboardEntry.recordedAt"]},{"name":"val recordedAt: Timestamp","description":"com.example.project2.data.FirebaseLeaderboardEntry.recordedAt","location":"app/com.example.project2.data/-firebase-leaderboard-entry/recorded-at.html","searchKeys":["recordedAt","val recordedAt: Timestamp","com.example.project2.data.FirebaseLeaderboardEntry.recordedAt"]},{"name":"val route: String","description":"com.example.project2.ui.MindMatchDestination.route","location":"app/com.example.project2.ui/-mind-match-destination/route.html","searchKeys":["route","val route: String","com.example.project2.ui.MindMatchDestination.route"]},{"name":"val score: Int","description":"com.example.project2.data.LeaderboardEntry.score","location":"app/com.example.project2.data/-leaderboard-entry/score.html","searchKeys":["score","val score: Int","com.example.project2.data.LeaderboardEntry.score"]},{"name":"val score: Int = 0","description":"com.example.project2.data.FirebaseLeaderboardEntry.score","location":"app/com.example.project2.data/-firebase-leaderboard-entry/score.html","searchKeys":["score","val score: Int = 0","com.example.project2.data.FirebaseLeaderboardEntry.score"]},{"name":"val slots: Int","description":"com.example.project2.data.MastermindConfig.slots","location":"app/com.example.project2.data/-mastermind-config/slots.html","searchKeys":["slots","val slots: Int","com.example.project2.data.MastermindConfig.slots"]},{"name":"val state: PuzzleCellState","description":"com.example.project2.data.PuzzleCell.state","location":"app/com.example.project2.data/-puzzle-cell/state.html","searchKeys":["state","val state: PuzzleCellState","com.example.project2.data.PuzzleCell.state"]},{"name":"val stats: PuzzleStats","description":"com.example.project2.data.DailyPuzzleContent.stats","location":"app/com.example.project2.data/-daily-puzzle-content/stats.html","searchKeys":["stats","val stats: PuzzleStats","com.example.project2.data.DailyPuzzleContent.stats"]},{"name":"val streak: Int","description":"com.example.project2.data.PuzzleStats.streak","location":"app/com.example.project2.data/-puzzle-stats/streak.html","searchKeys":["streak","val streak: Int","com.example.project2.data.PuzzleStats.streak"]},{"name":"val target: Int","description":"com.example.project2.data.PuzzleStats.target","location":"app/com.example.project2.data/-puzzle-stats/target.html","searchKeys":["target","val target: Int","com.example.project2.data.PuzzleStats.target"]},{"name":"val timeRemainingSeconds: Int","description":"com.example.project2.data.PuzzleStats.timeRemainingSeconds","location":"app/com.example.project2.data/-puzzle-stats/time-remaining-seconds.html","searchKeys":["timeRemainingSeconds","val timeRemainingSeconds: Int","com.example.project2.data.PuzzleStats.timeRemainingSeconds"]},{"name":"val title: String","description":"com.example.project2.data.FirebasePuzzle.title","location":"app/com.example.project2.data/-firebase-puzzle/title.html","searchKeys":["title","val title: String","com.example.project2.data.FirebasePuzzle.title"]},{"name":"val title: String","description":"com.example.project2.data.PuzzleDescriptor.title","location":"app/com.example.project2.data/-puzzle-descriptor/title.html","searchKeys":["title","val title: String","com.example.project2.data.PuzzleDescriptor.title"]},{"name":"val type: PuzzleType","description":"com.example.project2.data.PuzzleDescriptor.type","location":"app/com.example.project2.data/-puzzle-descriptor/type.html","searchKeys":["type","val type: PuzzleType","com.example.project2.data.PuzzleDescriptor.type"]},{"name":"val type: String","description":"com.example.project2.data.FirebasePuzzle.type","location":"app/com.example.project2.data/-firebase-puzzle/type.html","searchKeys":["type","val type: String","com.example.project2.data.FirebasePuzzle.type"]},{"name":"val value: String","description":"com.example.project2.data.PuzzleCell.value","location":"app/com.example.project2.data/-puzzle-cell/value.html","searchKeys":["value","val value: String","com.example.project2.data.PuzzleCell.value"]},{"name":"val values: List<String>","description":"com.example.project2.ui.screens.MastermindGuess.values","location":"app/com.example.project2.ui.screens/-mastermind-guess/values.html","searchKeys":["values","val values: List<String>","com.example.project2.ui.screens.MastermindGuess.values"]},{"name":"var dailyChallenge: DailyChallenge?","description":"com.example.project2.ui.MindMatchViewModel.dailyChallenge","location":"app/com.example.project2.ui/-mind-match-view-model/daily-challenge.html","searchKeys":["dailyChallenge","var dailyChallenge: DailyChallenge?","com.example.project2.ui.MindMatchViewModel.dailyChallenge"]},{"name":"var isLoading: Boolean","description":"com.example.project2.ui.MindMatchViewModel.isLoading","location":"app/com.example.project2.ui/-mind-match-view-model/is-loading.html","searchKeys":["isLoading","var isLoading: Boolean","com.example.project2.ui.MindMatchViewModel.isLoading"]},{"name":"var leaderboard: Map<String, List<LeaderboardEntry>>","description":"com.example.project2.ui.MindMatchViewModel.leaderboard","location":"app/com.example.project2.ui/-mind-match-view-model/leaderboard.html","searchKeys":["leaderboard","var leaderboard: Map<String, List<LeaderboardEntry>>","com.example.project2.ui.MindMatchViewModel.leaderboard"]},{"name":"var profile: PlayerProfile?","description":"com.example.project2.ui.MindMatchViewModel.profile","location":"app/com.example.project2.ui/-mind-match-view-model/profile.html","searchKeys":["profile","var profile: PlayerProfile?","com.example.project2.ui.MindMatchViewModel.profile"]},{"name":"var progressByPuzzle: Map<String, PuzzleProgress>","description":"com.example.project2.ui.MindMatchViewModel.progressByPuzzle","location":"app/com.example.project2.ui/-mind-match-view-model/progress-by-puzzle.html","searchKeys":["progressByPuzzle","var progressByPuzzle: Map<String, PuzzleProgress>","com.example.project2.ui.MindMatchViewModel.progressByPuzzle"]},{"name":"var puzzles: List<PuzzleDescriptor>","description":"com.example.project2.ui.MindMatchViewModel.puzzles","location":"app/com.example.project2.ui/-mind-match-view-model/puzzles.html","searchKeys":["puzzles","var puzzles: List<PuzzleDescriptor>","com.example.project2.ui.MindMatchViewModel.puzzles"]},{"name":"var userPuzzles: List<PuzzleDescriptor>","description":"com.example.project2.ui.MindMatchViewModel.userPuzzles","location":"app/com.example.project2.ui/-mind-match-view-model/user-puzzles.html","searchKeys":["userPuzzles","var userPuzzles: List<PuzzleDescriptor>","com.example.project2.ui.MindMatchViewModel.userPuzzles"]}]
